NORD EST,EMILIA ROMAGNA,BOLOGNA,BOEE05600R,D.D. DI BUDRIO,BOEE05600R,D.D. DI BUDRIO,VIA MURATORI 2,40054,B249,BUDRIO,NORMALE,SCUOLA PRIMARIA,370080176,NO,SI,SI,SI,Non richiesto,Non richiesto,SI,SI,21,6
NORD EST,EMILIA ROMAGNA,BOLOGNA,BOEE05600R,D.D. DI BUDRIO,BOEE05601T,FEDORA SERVETTI DONATI,VIA MURATORI 2,40054,B249,BUDRIO,NORMALE,SCUOLA PRIMARIA,370080176,NO,SI,SI,SI,Non richiesto,Non richiesto,SI,SI,21,6
NORD EST,EMILIA ROMAGNA,BOLOGNA,BOEE068003,D.D. DI CASTEL MAGGIORE,BOEE068003,D.D. DI CASTEL MAGGIORE,VIA GRAMSCI 175,40013,C204,CASTEL MAGGIORE,NORMALE,SCUOLA PRIMARIA,370190185,NO,SI,SI,NO,NO,Non richiesto,SI,SI,21,6
NORD EST,EMILIA ROMAGNA,BOLOGNA,BOEE068003,D.D. DI CASTEL MAGGIORE,BOEE068014,FILIPPO BASSI,VIA GRAMSCI 175,40013,C204,CASTEL MAGGIORE,NORMALE,SCUOLA PRIMARIA,370190185,NO,SI,SI,NO,NO,Non richiesto,SI,SI,21,6
NORD EST,EMILIA ROMAGNA,BOLOGNA,BOEE068003,D.D. DI CASTEL MAGGIORE,BOEE068036,ITALO CALVINO,VIA RESISTENZA 20,40013,C204,CASTEL MAGGIORE,NORMALE,SCUOLA PRIMARIA,370190021,NO,SI,SI,NO,NO,Non richiesto,SI,SI,21,6
NORD EST,EMILIA ROMAGNA,BOLOGNA,BOEE068003,D.D. DI CASTEL MAGGIORE,BOEE068069,PIERO BERTOLINI,VIA CURIEL 12,40013,C204,CASTEL MAGGIORE,NORMALE,SCUOLA PRIMARIA,370190019,NO,SI,SI,NO,NO,Non richiesto,SI,SI,21,6
NORD EST,EMILIA ROMAGNA,BOLOGNA,BOEE07200P,D.D. CASTEL SAN PIETRO TERME,BOEE07200P,D.D. CASTEL SAN PIETRO TERME,PIAZZA ANDREA COSTA 6,40024,C265,CASTEL SAN PIETRO TERME,NORMALE,SCUOLA PRIMARIA,370200352,SI,NO,NO,SI,SI,NO,SI,SI,21,7
NORD EST,EMILIA ROMAGNA,BOLOGNA,BOEE07200P,D.D. CASTEL SAN PIETRO TERME,BOEE07201Q,ALBERTAZZI,PIAZZA ANDREA COSTA 6,40024,C265,CASTEL SAN PIETRO TERME,NORMALE,SCUOLA PRIMARIA,370200190,NO,SI,NO,NO,NO,NO,SI,SI,21,7
NORD EST,EMILIA ROMAGNA,BOLOGNA,BOEE07200P,D.D. CASTEL SAN PIETRO TERME,BOEE072061,DON MILANI,VIA SAN BIAGIO 4681,40024,C265,CASTEL SAN PIETRO TERME,NORMALE,SCUOLA PRIMARIA,370200191,NO,SI,NO,NO,NO,Non richiesto,SI,SI,21,7
NORD EST,EMILIA ROMAGNA,BOLOGNA,BOEE17200G,D.D. DI ZOLA PREDOSA,BOEE17200G,D.D. DI ZOLA PREDOSA,VIA ALBERGATI 32,40069,M185,ZOLA PREDOSA,NORMALE,SCUOLA PRIMARIA,370600310,NO,SI,SI,SI,Non richiesto,Non richiesto,SI,SI,21,7
NORD EST,EMILIA ROMAGNA,BOLOGNA,BOEE17200G,D.D. DI ZOLA PREDOSA,BOEE17201L,PIERO CALAMANDREI- ZOLA PREDOSA,VIA ALBERGATI 32,40069,M185,ZOLA PREDOSA,NORMALE,SCUOLA PRIMARIA,370600310,NO,SI,SI,SI,Non richiesto,Non richiesto,SI,SI,21,7
NORD EST,EMILIA ROMAGNA,BOLOGNA,BOEE17200G,D.D. DI ZOLA PREDOSA,BOEE17204Q,PIERO BERTOLINI - RIALE,VIA GESSO 26 FRAZIONE RIALE,40069,M185,ZOLA PREDOSA,NORMALE,SCUOLA PRIMARIA,370600784,SI,SI,SI,SI,Non richiesto,Non richiesto,SI,SI,21,7
NORD EST,EMILIA ROMAGNA,BOLOGNA,BOIC80500T,I.C. DI SAN PIETRO IN CASALE,BOEE80501X,EDMONDO DE AMICIS,VIA MATTEOTTI 156,40018,I110,SAN PIETRO IN CASALE,NORMALE,SCUOLA PRIMARIA,370550288,SI,SI,SI,SI,NO,NO,SI,SI,21,6
NORD EST,EMILIA ROMAGNA,BOLOGNA,BOIC80500T,I.C. DI SAN PIETRO IN CASALE,BOEE805021,MACCARETOLO,VIA SANT'AGNESE 25,40018,I110,SAN PIETRO IN CASALE,NORMALE,SCUOLA PRIMARIA,370550290,SI,Non richiesto,SI,SI,NO,NO,SI,SI,21,6
NORD EST,EMILIA ROMAGNA,BOLOGNA,BOIC80500T,I.C. DI SAN PIETRO IN CASALE,BOEE805032,GIANNI RODARI,VIA GOVONI 32,40018,I110,SAN PIETRO IN CASALE,NORMALE,SCUOLA PRIMARIA,370550291,SI,SI,SI,SI,NO,NO,SI,SI,21,6
NORD EST,EMILIA ROMAGNA,BOLOGNA,BOIC80500T,I.C. DI SAN PIETRO IN CASALE,BOEE805043,MAZZACURATI,VIA MALAGUTI 2,40015,D878,GALLIERA,NORMALE,SCUOLA PRIMARIA,370280292,SI,NO,SI,SI,Non richiesto,NO,SI,SI,21,6
NORD EST,EMILIA ROMAGNA,BOLOGNA,BOIC80600N,I.C. DI PIEVE DI CENTO,BOEE80601Q,EDMONDO DE AMICIS CAPOLUOGO,VIA J.F. KENNEDY 30,40066,G643,PIEVE DI CENTO,NORMALE,SCUOLA PRIMARIA,370480373,NO,NO,SI,SI,Non richiesto,NO,SI,SI,21,4
NORD EST,EMILIA ROMAGNA,BOLOGNA,BOIC80600N,I.C. DI PIEVE DI CENTO,BOEE80602R,CASTELLO D'ARGILE,VIA CIRCONVALLAZIONE OVEST 1,40050,C185,CASTELLO D'ARGILE,NORMALE,SCUOLA PRIMARIA,370170273,NO,NO,Non richiesto,SI,Non richiesto,NO,SI,SI,21,4
NORD EST,EMILIA ROMAGNA,BOLOGNA,BOIC80600N,I.C. DI PIEVE DI CENTO,BOEE80604V,"""PACE LIBERA TUTTI""",VIA PRIMARIA 38,40050,C185,CASTELLO D'ARGILE,NORMALE,SCUOLA PRIMARIA,370170274,NO,NO,Non richiesto,SI,Non richiesto,NO,SI,SI,21,4
NORD EST,EMILIA ROMAGNA,BOLOGNA,BOIC80700D,I.C. DI MONTE SAN PIETRO,BOEE80701G,MONTE S.PIETRO CAPOLUOGO,VIA IV NOVEMBRE 2,40050,F627,MONTE SAN PIETRO,NORMALE,SCUOLA PRIMARIA,370420259,NO,NO,NO,SI,Non richiesto,Non richiesto,SI,SI,21,6
NORD EST,EMILIA ROMAGNA,BOLOGNA,BOIC80700D,I.C. DI MONTE SAN PIETRO,BOEE80702L,LORIS CASARINI,VIA LAVINO 317/2,40050,F627,MONTE SAN PIETRO,NORMALE,SCUOLA PRIMARIA,370420757,NO,SI,NO,SI,Non richiesto,Non richiesto,NO,NO,21,6
NORD EST,EMILIA ROMAGNA,BOLOGNA,BOIC808009,I.C. N.1 VIA DE CAROLIS,BOEE80801B,GIOVANNI XXIII,VIA LEONARDO DA VINCI 3,40133,A944,BOLOGNA,NORMALE,SCUOLA PRIMARIA,370060798,NO,SI,Non richiesto,SI,Non richiesto,NO,SI,SI,21,6
NORD EST,EMILIA ROMAGNA,BOLOGNA,BOIC808009,I.C. N.1 VIA DE CAROLIS,BOEE80802C,MORANDI,VIA DEL BECCACCINO 25,40133,A944,BOLOGNA,NORMALE,SCUOLA PRIMARIA,370060123,NO,NO,Non richiesto,SI,Non richiesto,Non richiesto,SI,SI,21,6
NORD EST,EMILIA ROMAGNA,BOLOGNA,BOIC808009,I.C. N.1 VIA DE CAROLIS,BOEE80803D,CESANA,VIA GUARDASSONI 1,40133,A944,BOLOGNA,NORMALE,SCUOLA PRIMARIA,370060005,NO,SI,SI,NO,Non richiesto,NO,SI,SI,21,6
NORD EST,EMILIA ROMAGNA,BOLOGNA,BOIC809005,I.C. DI BORGO TOSSIGNANO,BOEE809017,GIUSEPPE MENGONI,CORSO EUROPA 22,40025,D668,FONTANELICE,NORMALE,SCUOLA PRIMARIA,370260205,NO,SI,SI,NO,NO,NO,SI,SI,21,7
NORD EST,EMILIA ROMAGNA,BOLOGNA,BOIC809005,I.C. DI BORGO TOSSIGNANO,BOEE809028,CESARE ZAVOLI,LARGO GRUPPO COMBATTENTI FOLGORE 9,40021,B044,BORGO TOSSIGNANO,NORMALE,SCUOLA PRIMARIA,370070206,NO,SI,SI,NO,NO,NO,NO,NO,21,7
NORD EST,EMILIA ROMAGNA,BOLOGNA,BOIC809005,I.C. DI BORGO TOSSIGNANO,BOEE809039,GIUSEPPE VERDI,VIA IV NOVEMBRE 2,40022,C086,CASTEL DEL RIO,NORMALE,SCUOLA PRIMARIA,370140350,NO,SI,SI,Non richiesto,Non richiesto,Non richiesto,SI,SI,21,7
NORD EST,EMILIA ROMAGNA,BOLOGNA,BOIC809005,I.C. DI BORGO TOSSIGNANO,BOEE80904A,GRAZIA DELEDDA,VIA MARTIRI DELLA RAPPRESAGLIA 5,40020,B892,CASALFIUMANESE,NORMALE,SCUOLA PRIMARIA,370120209,NO,NO,NO,Non richiesto,Non richiesto,Non richiesto,NO,NO,21,7
NORD EST,EMILIA ROMAGNA,BOLOGNA,BOIC809005,I.C. DI BORGO TOSSIGNANO,BOEE80905B,CARLO COLLODI,VIALE ANDREA COSTA 15,40020,B892,CASALFIUMANESE,NORMALE,SCUOLA PRIMARIA,370120208,NO,SI,SI,NO,NO,NO,NO,NO,21,7
NORD EST,EMILIA ROMAGNA,BOLOGNA,BOIC810009,I.C. DI CASTELLO DI SERRAVALLE,BOEE81001B,CASTELLETTO,VIA RODARI 16,40017,M320,VALSAMOGGIA,NORMALE,SCUOLA PRIMARIA,370610011,NO,SI,SI,NO,Non richiesto,SI,NO,NO,21,5
NORD EST,EMILIA ROMAGNA,BOLOGNA,BOIC810009,I.C. DI CASTELLO DI SERRAVALLE,BOEE81002C,E. TOTI,VIA MARCONI 63,40060,M320,VALSAMOGGIA,NORMALE,SCUOLA PRIMARIA,370610060,NO,SI,Non richiesto,NO,SI,NO,SI,SI,21,5
NORD EST,EMILIA ROMAGNA,BOLOGNA,BOIC811005,I.C. SALVO D'ACQUISTO,BOEE811017,TIZIANO TERZANI,VIALE DELLA CHIESA 29,40041,D847,GAGGIO MONTANO,NORMALE,SCUOLA PRIMARIA,370270211,SI,SI,SI,Non richiesto,Non richiesto,Non richiesto,SI,SI,21,4
NORD EST,EMILIA ROMAGNA,BOLOGNA,BOIC811005,I.C. SALVO D'ACQUISTO,BOEE811028,MARTIRI DI RONCHIDOSO,VIA GIORDANI 42,40041,D847,GAGGIO MONTANO,NORMALE,SCUOLA PRIMARIA,370270209,SI,SI,SI,SI,NO,SI,SI,SI,21,4
NORD EST,EMILIA ROMAGNA,BOLOGNA,BOIC811005,I.C. SALVO D'ACQUISTO,BOEE811039,SILLA,VIA KENNEDY 123,40040,D847,GAGGIO MONTANO,NORMALE,SCUOLA PRIMARIA,370270213,SI,NO,SI,SI,Non richiesto,Non richiesto,SI,SI,21,4
NORD EST,EMILIA ROMAGNA,BOLOGNA,BOIC811005,I.C. SALVO D'ACQUISTO,BOEE81104A,CASTEL D'AIANO CAPOLUOGO,VIA CASTELLARO 3,40034,C075,CASTEL D'AIANO,NORMALE,SCUOLA PRIMARIA,370130042,NO,SI,Non richiesto,SI,Non richiesto,NO,SI,SI,21,4
NORD EST,EMILIA ROMAGNA,BOLOGNA,BOIC811005,I.C. SALVO D'ACQUISTO,BOEE81106C,GIOVANNI XXIII,VIA DELLA PIEVE 20,40042,A771,LIZZANO IN BELVEDERE,NORMALE,SCUOLA PRIMARIA,370330214,SI,SI,SI,-,-,-,SI,SI,21,4
NORD EST,EMILIA ROMAGNA,BOLOGNA,BOIC812001,I.C. N.2 BOLOGNA,BOEE812013,DRUSIANI,VIA G. SEGANTINI 31,40133,A944,BOLOGNA,NORMALE,SCUOLA PRIMARIA,370060162,NO,SI,Non richiesto,NO,Non richiesto,NO,SI,SI,21,5
NORD EST,EMILIA ROMAGNA,BOLOGNA,BOIC812001,I.C. N.2 BOLOGNA,BOEE812024,ALBERTAZZI,VIA BERRETTA ROSSA 15,40133,A944,BOLOGNA,NORMALE,SCUOLA PRIMARIA,370060163,NO,SI,SI,NO,Non richiesto,NO,SI,SI,21,5
NORD EST,EMILIA ROMAGNA,BOLOGNA,BOIC812001,I.C. N.2 BOLOGNA,BOEE812035,DE VIGRI,VIA DEL GIACINTO 37,40133,A944,BOLOGNA,NORMALE,SCUOLA PRIMARIA,370060164,NO,NO,SI,NO,Non richiesto,NO,SI,SI,21,5
NORD EST,EMILIA ROMAGNA,BOLOGNA,BOIC81300R,I.C. N.3 LAME,BOEE81301V,BOTTEGO,VIA DELLA BEVERARA 158,40131,A944,BOLOGNA,NORMALE,SCUOLA PRIMARIA,370060115,NO,NO,Non richiesto,SI,Non richiesto,Non richiesto,SI,SI,21,4
NORD EST,EMILIA ROMAGNA,BOLOGNA,BOIC81300R,I.C. N.3 LAME,BOEE813031,SILVANI,VIA SELVA DI PESCAROLA 29,40131,A944,BOLOGNA,NORMALE,SCUOLA PRIMARIA,370060117,NO,SI,SI,SI,Non richiesto,NO,SI,SI,21,4
NORD EST,EMILIA ROMAGNA,BOLOGNA,BOIC81400L,DE AMICIS - ANZOLA EMILIA,BOEE81401P,ANZOLA EMILIA CAPOLUOGO,VIA CHIARINI 5,40011,A324,ANZOLA DELL'EMILIA,NORMALE,SCUOLA PRIMARIA,370010003,SI,SI,SI,SI,Non richiesto,Non richiesto,SI,SI,21,6
NORD EST,EMILIA ROMAGNA,BOLOGNA,BOIC81400L,DE AMICIS - ANZOLA EMILIA,BOEE81402Q,LAVINO DI MEZZO,VIA EMILIA PONENTE 29,40011,A324,ANZOLA DELL'EMILIA,NORMALE,SCUOLA PRIMARIA,370010002,SI,SI,SI,SI,NO,Non richiesto,SI,SI,21,6
NORD EST,EMILIA ROMAGNA,BOLOGNA,BOIC81500C,I.C. N.4 VIA VERNE,BOEE81502G,MARSILI L.F.,VIA SANT'ANNA 4,40128,A944,BOLOGNA,NORMALE,SCUOLA PRIMARIA,370060128,NO,SI,SI,NO,Non richiesto,Non richiesto,SI,SI,21,4
NORD EST,EMILIA ROMAGNA,BOLOGNA,BOIC81500C,I.C. N.4 VIA VERNE,BOEE81503L,VILLA TORCHI,VIA VERNE 21,40128,A944,BOLOGNA,NORMALE,SCUOLA PRIMARIA,370060129,NO,NO,Non richiesto,SI,Non richiesto,Non richiesto,SI,SI,21,4
NORD EST,EMILIA ROMAGNA,BOLOGNA,BOIC816008,I.C. N.5 VIA A.DI VINCENZO,BOEE81601A,FEDERZONI,VIA A. DI VINCENZO 11/2,40129,A944,BOLOGNA,NORMALE,SCUOLA PRIMARIA,370060155,NO,NO,SI,SI,Non richiesto,Non richiesto,SI,SI,21,5
NORD EST,EMILIA ROMAGNA,BOLOGNA,BOIC816008,I.C. N.5 VIA A.DI VINCENZO,BOEE81602B,ADELFO GROSSO,VIA CRISTOFORO DA BOLOGNA 29,40129,A944,BOLOGNA,NORMALE,SCUOLA PRIMARIA,370060156,NO,NO,SI,SI,Non richiesto,Non richiesto,SI,SI,21,5
NORD EST,EMILIA ROMAGNA,BOLOGNA,BOIC816008,I.C. N.5 VIA A.DI VINCENZO,BOEE81603C,FRANCESCO ACRI,VIA FRANCESCO BARBIERI 5,40129,A944,BOLOGNA,NORMALE,SCUOLA PRIMARIA,370060154,NO,NO,SI,SI,Non richiesto,Non richiesto,SI,SI,21,5
NORD EST,EMILIA ROMAGNA,BOLOGNA,BOIC817004,I.C. N.6 VIA FINELLI,BOEE817016,ERCOLANI,VIA MURA PORTA GALLIERA 1/A,40126,A944,BOLOGNA,NORMALE,SCUOLA PRIMARIA,370060141,NO,SI,SI,SI,Non richiesto,Non richiesto,SI,SI,21,6
NORD EST,EMILIA ROMAGNA,BOLOGNA,BOIC817004,I.C. N.6 VIA FINELLI,BOEE81705A,GIORDANI,VIA MUSOLESI 22,40138,A944,BOLOGNA,NORMALE,SCUOLA PRIMARIA,370060133,NO,NO,SI,SI,Non richiesto,Non richiesto,SI,SI,21,6
NORD EST,EMILIA ROMAGNA,BOLOGNA,BOIC81800X,I.C. N.7 VIA SCANDELLARA,BOEE818012,LIVIO TEMPESTA,VIA MARTELLI 37,40138,A944,BOLOGNA,NORMALE,SCUOLA PRIMARIA,370060134,SI,SI,SI,SI,Non richiesto,Non richiesto,SI,SI,21,4
NORD EST,EMILIA ROMAGNA,BOLOGNA,BOIC81800X,I.C. N.7 VIA SCANDELLARA,BOEE818023,VIA SCANDELLARA,VIA SCANDELLARA 54/2,40138,A944,BOLOGNA,NORMALE,SCUOLA PRIMARIA,370060135,NO,NO,SI,Non richiesto,Non richiesto,Non richiesto,SI,SI,21,4
NORD EST,EMILIA ROMAGNA,BOLOGNA,BOIC81900Q,"I.C. ""A.FERRI"" SALA BOLOGNESE",BOEE81901T,PADULLE,PIAZZA MARCONI 3,40010,H678,SALA BOLOGNESE,NORMALE,SCUOLA PRIMARIA,370500861,NO,SI,SI,SI,Non richiesto,Non richiesto,SI,SI,21,5
NORD EST,EMILIA ROMAGNA,BOLOGNA,BOIC81900Q,"I.C. ""A.FERRI"" SALA BOLOGNESE",BOEE81902V,TAVERNELLE,VIA GRAMSCI 301,40010,H678,SALA BOLOGNESE,NORMALE,SCUOLA PRIMARIA,370500281,SI,SI,SI,SI,NO,NO,SI,SI,21,5
NORD EST,EMILIA ROMAGNA,BOLOGNA,BOIC82000X,I.C. DI CALDERARA DI RENO,BOEE820012,GIANNI RODARI,VIA DI VITTORIO 3/3,40012,B399,CALDERARA DI RENO,NORMALE,SCUOLA PRIMARIA,370090178,Non richiesto,SI,SI,SI,Non richiesto,Non richiesto,NO,NO,21,5
NORD EST,EMILIA ROMAGNA,BOLOGNA,BOIC82000X,I.C. DI CALDERARA DI RENO,BOEE820023,SAN VITALE,VIA STELLONI LEVANTE 37,40012,B399,CALDERARA DI RENO,NORMALE,SCUOLA PRIMARIA,370090725,SI,SI,SI,SI,Non richiesto,SI,SI,SI,21,5
NORD EST,EMILIA ROMAGNA,BOLOGNA,BOIC82100Q,I.C. CERETOLO,BOEE82101T,RENATA VIGANO',VIA DELLA LIBERTA' 3/2,40033,B880,CASALECCHIO DI RENO,NORMALE,SCUOLA PRIMARIA,370110018,Non richiesto,SI,SI,NO,SI,Non richiesto,SI,SI,21,4
NORD EST,EMILIA ROMAGNA,BOLOGNA,BOIC82100Q,I.C. CERETOLO,BOEE82102V,ELEMENTARE SILVANA TOVOLI,VIA ALDO MORO 19,40033,B880,CASALECCHIO DI RENO,NORMALE,SCUOLA PRIMARIA,370110001,Non richiesto,SI,SI,SI,Non richiesto,Non richiesto,SI,SI,21,4
NORD EST,EMILIA ROMAGNA,BOLOGNA,BOIC82200G,I.C. DI CASTEL MAGGIORE,BOEE82201N,LEVI,VIA I MAGGIO,40013,C204,CASTEL MAGGIORE,NORMALE,SCUOLA PRIMARIA,370190188,NO,Non richiesto,SI,NO,NO,Non richiesto,SI,SI,21,5
NORD EST,EMILIA ROMAGNA,BOLOGNA,BOIC82200G,I.C. DI CASTEL MAGGIORE,BOEE82202P,FRANCHINI,VIA VERNE 1,40013,C204,CASTEL MAGGIORE,NORMALE,SCUOLA PRIMARIA,370190186,SI,Non richiesto,SI,Non richiesto,Non richiesto,Non richiesto,SI,SI,21,5
NORD EST,EMILIA ROMAGNA,BOLOGNA,BOIC824007,IC CASTIGLIONE-CAM.-S.BENEDETTO,BOEE824019,F.BARACCA CASTIGLIONE PEPOLI EE,VIA GIROTTI 1,40035,C296,CASTIGLIONE DEI PEPOLI,NORMALE,SCUOLA PRIMARIA,370220354,SI,SI,SI,SI,SI,Non richiesto,NO,NO,21,5
NORD EST,EMILIA ROMAGNA,BOLOGNA,BOIC824007,IC CASTIGLIONE-CAM.-S.BENEDETTO,BOEE82402A,BARAGAZZA EE,VIA PIANA 1,40031,C296,CASTIGLIONE DEI PEPOLI,NORMALE,SCUOLA PRIMARIA,370220034,NO,Non richiesto,NO,Non richiesto,Non richiesto,Non richiesto,NO,NO,21,5
NORD EST,EMILIA ROMAGNA,BOLOGNA,BOIC824007,IC CASTIGLIONE-CAM.-S.BENEDETTO,BOEE82403B,LAGARO EE,PIAZZA DELLA CHIESA 3,40030,C296,CASTIGLIONE DEI PEPOLI,NORMALE,SCUOLA PRIMARIA,370220735,SI,SI,Non richiesto,Non richiesto,Non richiesto,SI,SI,SI,21,5
NORD EST,EMILIA ROMAGNA,BOLOGNA,BOIC824007,IC CASTIGLIONE-CAM.-S.BENEDETTO,BOEE82404C,V. FABI-CAMUGNANO EE,VIA CALABRIA 57/A,40032,B572,CAMUGNANO,NORMALE,SCUOLA PRIMARIA,370100725,SI,SI,NO,SI,Non richiesto,Non richiesto,SI,SI,21,5
NORD EST,EMILIA ROMAGNA,BOLOGNA,BOIC824007,IC CASTIGLIONE-CAM.-S.BENEDETTO,BOEE82405D,PRIMARIA S.BENEDETTO V.SAMBRO,VIA MARCONI N.48/B,40048,G566,SAN BENEDETTO VAL DI SAMBRO,NORMALE,SCUOLA PRIMARIA,370510947,SI,NO,SI,SI,Non richiesto,Non richiesto,NO,NO,21,5
NORD EST,EMILIA ROMAGNA,BOLOGNA,BOIC824007,IC CASTIGLIONE-CAM.-S.BENEDETTO,BOEE82406E,PRIMARIA PIAN DEL VOGLIO,VIA BEL POGGIO 13,40048,G566,SAN BENEDETTO VAL DI SAMBRO,NORMALE,SCUOLA PRIMARIA,370510302,SI,SI,SI,NO,NO,Non richiesto,NO,NO,21,5
NORD EST,EMILIA ROMAGNA,BOLOGNA,BOIC825003,I.C. DI MALALBERGO,BOEE825015,ALTEDO,VIA FRATELLI CERVI 12,40051,E844,MALALBERGO,NORMALE,SCUOLA PRIMARIA,370350236,SI,SI,Non richiesto,SI,SI,SI,SI,SI,21,5
NORD EST,EMILIA ROMAGNA,BOLOGNA,BOIC825003,I.C. DI MALALBERGO,BOEE825026,BRUNO MUNARI,VIA ROMA 2/4,40052,A665,BARICELLA,NORMALE,SCUOLA PRIMARIA,370030237,SI,SI,SI,SI,Non richiesto,Non richiesto,SI,SI,21,5
NORD EST,EMILIA ROMAGNA,BOLOGNA,BOIC82600V,I.C. GRANAROLO DELL'EMILIA,BOEE826011,ANNA FRANK,VIA ROMA 30/2,40057,E136,GRANAROLO DELL'EMILIA,NORMALE,SCUOLA PRIMARIA,370300930,SI,SI,SI,SI,Non richiesto,Non richiesto,SI,SI,21,5
NORD EST,EMILIA ROMAGNA,BOLOGNA,BOIC82700P,I.C. DI MINERBIO,BOEE82701R,RITA BONFIGLIOLI - MINERBIO,VIA ROMA 18,40061,F219,MINERBIO,NORMALE,SCUOLA PRIMARIA,370380242,SI,SI,SI,SI,NO,NO,SI,SI,21,6
NORD EST,EMILIA ROMAGNA,BOLOGNA,BOIC82700P,I.C. DI MINERBIO,BOEE82702T,ACHILLE CASANOVA CA' DE' FABBRI,VIA RONCHI INFERIORE 25,40050,F219,MINERBIO,NORMALE,SCUOLA PRIMARIA,370380003,SI,SI,SI,SI,NO,NO,SI,SI,21,6
NORD EST,EMILIA ROMAGNA,BOLOGNA,BOIC82800E,IC DI OZZANO DELL'EMILIA,BOEE82801L,BRUNO CIARI CAPOLUOGO,VIALE 2 GIUGNO 51,40064,G205,OZZANO DELL'EMILIA,NORMALE,SCUOLA PRIMARIA,370460264,Non richiesto,SI,NO,SI,Non richiesto,Non richiesto,SI,SI,21,5
NORD EST,EMILIA ROMAGNA,BOLOGNA,BOIC82800E,IC DI OZZANO DELL'EMILIA,BOEE82802N,CESARE GNUDI,VIA DEL PARTIGIANO 31,40050,G205,OZZANO DELL'EMILIA,NORMALE,SCUOLA PRIMARIA,370460077,SI,SI,SI,SI,Non richiesto,Non richiesto,SI,SI,21,5
NORD EST,EMILIA ROMAGNA,BOLOGNA,BOIC82900A,I.C. DI RASTIGNANO,BOEE82901C,RITA LEVI MONTALCINI,VIA MARZABOTTO 35,40067,G570,PIANORO,NORMALE,SCUOLA PRIMARIA,370470373,SI,SI,SI,SI,Non richiesto,NO,SI,SI,21,4
NORD EST,EMILIA ROMAGNA,BOLOGNA,BOIC83000E,I.C. DI PIANORO,BOEE83001L,DIANA SABBI,VIA LIBERTA' 17/2,40065,G570,PIANORO,NORMALE,SCUOLA PRIMARIA,370470267,SI,SI,SI,SI,NO,NO,SI,SI,21,6
NORD EST,EMILIA ROMAGNA,BOLOGNA,BOIC83000E,I.C. DI PIANORO,BOEE83002N,PIANORO VECCHIO,VIA NAZIONALE 196,40060,G570,PIANORO,NORMALE,SCUOLA PRIMARIA,370470270,SI,SI,SI,SI,NO,Non richiesto,SI,SI,21,6
NORD EST,EMILIA ROMAGNA,BOLOGNA,BOIC832006,I.C. DI PORRETTA TERME,BOEE832018,"PRIMARIA""D. FORNASINI"" PORRETTA",VIA MARCONI 59,40046,M369,ALTO RENO TERME,NORMALE,SCUOLA PRIMARIA,370620275,SI,SI,Non richiesto,SI,Non richiesto,SI,SI,SI,21,4
NORD EST,EMILIA ROMAGNA,BOLOGNA,BOIC832006,I.C. DI PORRETTA TERME,BOEE832029,"PRIMARIA ""L. RADICE"" C. CASIO",VIA DEGLI ALBERGHI 10,40030,B969,CASTEL DI CASIO,NORMALE,SCUOLA PRIMARIA,370150084,SI,SI,NO,Non richiesto,Non richiesto,Non richiesto,SI,SI,21,4
NORD EST,EMILIA ROMAGNA,BOLOGNA,BOIC832006,I.C. DI PORRETTA TERME,BOEE83203A,PRIMARIA CASOLA BERZANTINA,VIA M. MONTESSORI 5,40030,B969,CASTEL DI CASIO,NORMALE,SCUOLA PRIMARIA,370150085,SI,SI,NO,NO,Non richiesto,Non richiesto,SI,SI,21,4
NORD EST,EMILIA ROMAGNA,BOLOGNA,BOIC832006,I.C. DI PORRETTA TERME,BOEE83204B,"PRIMARIA ""MONTESSORI"" VENTURINA",VIA MOZZORECCHIA 2,40045,M369,ALTO RENO TERME,NORMALE,SCUOLA PRIMARIA,370620742,SI,NO,SI,Non richiesto,Non richiesto,Non richiesto,SI,SI,21,4
NORD EST,EMILIA ROMAGNA,BOLOGNA,BOIC833002,I.C. DI ARGELATO,BOEE833014,PAOLO BORSELLINO,VIA F.LLI CERVI 9,40050,A392,ARGELATO,NORMALE,SCUOLA PRIMARIA,370020381,SI,SI,SI,SI,Non richiesto,Non richiesto,NO,NO,21,5
NORD EST,EMILIA ROMAGNA,BOLOGNA,BOIC833002,I.C. DI ARGELATO,BOEE833025,GIOVANNI FALCONE,VIA S. GIOBBE 50,40050,A392,ARGELATO,NORMALE,SCUOLA PRIMARIA,370020279,SI,SI,SI,SI,Non richiesto,Non richiesto,SI,SI,21,5
NORD EST,EMILIA ROMAGNA,BOLOGNA,BOIC83400T,I.C. DI SAN GIORGIO DI PIANO,BOEE83401X,SAN GIORGIO DI PIANO CAPOLUOGO,VIA GRAMSCI 13,40016,H896,SAN GIORGIO DI PIANO,NORMALE,SCUOLA PRIMARIA,370520277,SI,SI,SI,SI,Non richiesto,Non richiesto,SI,SI,21,6
NORD EST,EMILIA ROMAGNA,BOLOGNA,BOIC83400T,I.C. DI SAN GIORGIO DI PIANO,BOEE834021,"""GIANNI RODARI""",VIA MARCONI 62,40010,A785,BENTIVOGLIO,NORMALE,SCUOLA PRIMARIA,370050005,SI,SI,Non richiesto,SI,Non richiesto,Non richiesto,NO,NO,21,6
NORD EST,EMILIA ROMAGNA,BOLOGNA,BOIC83400T,I.C. DI SAN GIORGIO DI PIANO,BOEE834032,"""DON LORENZO MILANI""",VIA SALETTO 11,40010,A785,BENTIVOGLIO,NORMALE,SCUOLA PRIMARIA,370050054,SI,SI,SI,NO,SI,SI,SI,SI,21,6
NORD EST,EMILIA ROMAGNA,BOLOGNA,BOIC83500N,I.C. DI BORGONUOVO,BOEE83501Q,"""G. MARCONI"" BORGONUOVO",VIA GIOVANNI XXIII 11 BORGONUOVO,40037,G972,SASSO MARCONI,NORMALE,SCUOLA PRIMARIA,370570389,SI,SI,SI,SI,Non richiesto,Non richiesto,SI,SI,21,6
NORD EST,EMILIA ROMAGNA,BOLOGNA,BOIC83600D,I.C. DI SASSO MARCONI,BOEE83601G,SASSO MARCONI - CAPOLUOGO,VIA PORRETTANA 469,40037,G972,SASSO MARCONI,NORMALE,SCUOLA PRIMARIA,370570293,SI,SI,SI,SI,Non richiesto,SI,SI,SI,21,4
NORD EST,EMILIA ROMAGNA,BOLOGNA,BOIC838005,I.C. DI VADO - MONZUNO,BOEE838017,C. RONDELLI,VIA MATTEOTTI N.7,40036,F706,MONZUNO,NORMALE,SCUOLA PRIMARIA,370440297,NO,NO,NO,Non richiesto,Non richiesto,Non richiesto,SI,SI,21,5
NORD EST,EMILIA ROMAGNA,BOLOGNA,BOIC838005,I.C. DI VADO - MONZUNO,BOEE838039,GIOVANNI MARIA BERTIN,VIA MUSOLESI 2,40036,F706,MONZUNO,NORMALE,SCUOLA PRIMARIA,370440299,SI,SI,-,-,-,-,NO,NO,21,5
NORD EST,EMILIA ROMAGNA,BOLOGNA,BOIC839001,I.C. DI MARZABOTTO,BOEE839013,BAMBINI DEL '44,VIA MUSOLESI 1A,40043,B689,MARZABOTTO,NORMALE,SCUOLA PRIMARIA,370360903,SI,SI,SI,SI,Non richiesto,Non richiesto,SI,SI,21,4
NORD EST,EMILIA ROMAGNA,BOLOGNA,BOIC840005,I.C. VERGATO E GRIZZANA-MORANDI,BOEE840017,XXV APRILE 1945,VIA CAVOUR 51,40038,L762,VERGATO,NORMALE,SCUOLA PRIMARIA,370590304,SI,SI,SI,SI,Non richiesto,Non richiesto,SI,SI,21,4
NORD EST,EMILIA ROMAGNA,BOLOGNA,BOIC840005,I.C. VERGATO E GRIZZANA-MORANDI,BOEE840039,TOLE',VIA BASABUE 2,40040,L762,VERGATO,NORMALE,SCUOLA PRIMARIA,370590306,SI,SI,SI,Non richiesto,Non richiesto,Non richiesto,SI,SI,21,4
NORD EST,EMILIA ROMAGNA,BOLOGNA,BOIC840005,I.C. VERGATO E GRIZZANA-MORANDI,BOEE84004A,GIORGIO MORANDI,PIAZZA P. IMPASTATO 1,40030,E187,GRIZZANA MORANDI,NORMALE,SCUOLA PRIMARIA,370310201,SI,SI,SI,NO,NO,NO,NO,NO,21,4
NORD EST,EMILIA ROMAGNA,BOLOGNA,BOIC840005,I.C. VERGATO E GRIZZANA-MORANDI,BOEE84005B,GIUSEPPE BONTA',VIA PONTE 7M,40038,L762,VERGATO,NORMALE,SCUOLA PRIMARIA,370310033,SI,NO,SI,NO,NO,NO,SI,NO,21,4
NORD EST,EMILIA ROMAGNA,BOLOGNA,BOIC84200R,I.C. N.5 VIA PIRANDELLO - IMOLA,BOEE84201V,PRIMARIA SANTE ZENNARO,VIA PIRANDELLO 12,40026,E289,IMOLA,NORMALE,SCUOLA PRIMARIA,370320941,SI,NO,Non richiesto,NO,NO,NO,SI,SI,21,5
NORD EST,EMILIA ROMAGNA,BOLOGNA,BOIC84200R,I.C. N.5 VIA PIRANDELLO - IMOLA,BOEE842031,PRIMARIA G. RODARI,VIA TIRO A SEGNO N.1/A,40026,E289,IMOLA,NORMALE,SCUOLA PRIMARIA,370320050,NO,SI,NO,NO,NO,NO,SI,SI,21,5
NORD EST,EMILIA ROMAGNA,BOLOGNA,BOIC84300L,I.C. N.2 VIA CAVOUR - IMOLA,BOEE84301P,PRIMARIA GUGLIELMO MARCONI,VIA CENNI 6/B,40026,E289,IMOLA,NORMALE,SCUOLA PRIMARIA,370320225,NO,SI,NO,NO,NO,NO,SI,SI,21,4
NORD EST,EMILIA ROMAGNA,BOLOGNA,BOIC84300L,I.C. N.2 VIA CAVOUR - IMOLA,BOEE84305V,PRIMARIA QUINTO CASADIO,VIA SELICE PROVINCIALE 54,40026,E289,IMOLA,NORMALE,SCUOLA PRIMARIA,370320230,SI,SI,NO,NO,NO,NO,SI,SI,21,4
NORD EST,EMILIA ROMAGNA,BOLOGNA,BOIC84300L,I.C. N.2 VIA CAVOUR - IMOLA,BOEE843082,PRIMARIA CARDUCCI,VIA CAVOUR 26,40026,E289,IMOLA,NORMALE,SCUOLA PRIMARIA,370320048,NO,NO,NO,SI,Non richiesto,Non richiesto,SI,SI,21,4
NORD EST,EMILIA ROMAGNA,BOLOGNA,BOIC84400C,I.C. DOZZA IMOLESE - C.GUELFO,BOEE84401E,PAPA GIOVANNI PAOLO II-CASTE G.,VIA BASOLI N. 29/A,40023,C121,CASTEL GUELFO DI BOLOGNA,NORMALE,SCUOLA PRIMARIA,370160228,NO,SI,SI,SI,NO,SI,NO,NO,21,4
NORD EST,EMILIA ROMAGNA,BOLOGNA,BOIC84400C,I.C. DOZZA IMOLESE - C.GUELFO,BOEE84402G,G. PASCOLI - DOZZA,VIA CALANCO 18,40050,D360,DOZZA,NORMALE,SCUOLA PRIMARIA,370250226,NO,SI,SI,SI,NO,SI,SI,SI,21,4
NORD EST,EMILIA ROMAGNA,BOLOGNA,BOIC84400C,I.C. DOZZA IMOLESE - C.GUELFO,BOEE84403L,G. PULICARI - TOSCANELLA,PIAZZA DELLA LOGGIA 4,40060,D360,DOZZA,NORMALE,SCUOLA PRIMARIA,370250227,NO,SI,SI,NO,NO,Non richiesto,SI,SI,21,4
NORD EST,EMILIA ROMAGNA,BOLOGNA,BOIC846004,I.C. N.4 VIA GUICCIARDINI-IMOLA,BOEE846027,PRIMARIA PELLONI TABANELLI,VIA NUVOLARI 1,40026,E289,IMOLA,NORMALE,SCUOLA PRIMARIA,370320233,SI,SI,NO,SI,NO,NO,SI,SI,21,6
NORD EST,EMILIA ROMAGNA,BOLOGNA,BOIC846004,I.C. N.4 VIA GUICCIARDINI-IMOLA,BOEE846038,PRIMARIA CAMPANELLA,VIA GIOBERTI 1,40026,E289,IMOLA,NORMALE,SCUOLA PRIMARIA,370320215,NO,NO,NO,NO,NO,NO,SI,SI,21,6
NORD EST,EMILIA ROMAGNA,BOLOGNA,BOIC846004,I.C. N.4 VIA GUICCIARDINI-IMOLA,BOEE846049,PRIMARIA PULICARI,VIA CURIEL 4,40026,E289,IMOLA,NORMALE,SCUOLA PRIMARIA,370320044,NO,SI,NO,NO,NO,NO,SI,SI,21,6
NORD EST,EMILIA ROMAGNA,BOLOGNA,BOIC84700X,I.C. N.6 VIA VILLA CLELIA-IMOLA,BOEE847012,CAPPUCCINI,VIA VILLA CLELIA 18,40026,E289,IMOLA,NORMALE,SCUOLA PRIMARIA,370320220,SI,SI,NO,NO,NO,NO,SI,SI,21,6
NORD EST,EMILIA ROMAGNA,BOLOGNA,BOIC84700X,I.C. N.6 VIA VILLA CLELIA-IMOLA,BOEE847034,ATHOS RUBRI,VIA TINTI 6,40026,E289,IMOLA,NORMALE,SCUOLA PRIMARIA,370320224,NO,SI,NO,NO,SI,NO,SI,SI,21,6
NORD EST,EMILIA ROMAGNA,BOLOGNA,BOIC84800Q,I.C. DI MONTERENZIO,BOEE84801T,ANTONELLA E VINCENZO DIODATO,VIA IDICE 220,40050,F597,MONTERENZIO,NORMALE,SCUOLA PRIMARIA,370410253,SI,SI,NO,NO,NO,NO,NO,NO,21,4
NORD EST,EMILIA ROMAGNA,BOLOGNA,BOIC84800Q,I.C. DI MONTERENZIO,BOEE84802V,CRISTINA DA PIZZANO,VIA IDICE 92,40050,F597,MONTERENZIO,NORMALE,SCUOLA PRIMARIA,370410254,SI,SI,NO,NO,NO,NO,NO,SI,21,4
NORD EST,EMILIA ROMAGNA,BOLOGNA,BOIC85100G,I.C. N.8 CA' SELVATICA,BOEE85102P,ARMANDI AVOGLI,VIA SARAGOZZA 238,40135,A944,BOLOGNA,NORMALE,SCUOLA PRIMARIA,370060118,NO,SI,SI,Non richiesto,Non richiesto,NO,SI,SI,21,7
NORD EST,EMILIA ROMAGNA,BOLOGNA,BOIC85100G,I.C. N.8 CA' SELVATICA,BOEE85103Q,BOMBICCI,VIA TURATI 84,40134,A944,BOLOGNA,NORMALE,SCUOLA PRIMARIA,370060121,NO,SI,SI,SI,Non richiesto,Non richiesto,SI,SI,21,7
NORD EST,EMILIA ROMAGNA,BOLOGNA,BOIC85100G,I.C. N.8 CA' SELVATICA,BOEE85104R,MANZOLINI,VIA S.ISAIA 16,40123,A944,BOLOGNA,NORMALE,SCUOLA PRIMARIA,370060001,NO,SI,Non richiesto,NO,Non richiesto,NO,SI,SI,21,7
NORD EST,EMILIA ROMAGNA,BOLOGNA,BOIC85100G,I.C. N.8 CA' SELVATICA,BOEE85105T,XXI APRILE,VIA XXI APRILE 1945 24,40134,A944,BOLOGNA,NORMALE,SCUOLA PRIMARIA,370060120,NO,NO,SI,SI,Non richiesto,NO,SI,SI,21,7
NORD EST,EMILIA ROMAGNA,BOLOGNA,BOIC85200B,I.C. N.9 VIA LONGO,BOEE85201D,RAFFAELLO SANZIO,VIA ABBA 7,40141,A944,BOLOGNA,NORMALE,SCUOLA PRIMARIA,370060159,NO,NO,SI,NO,Non richiesto,NO,SI,SI,21,6
NORD EST,EMILIA ROMAGNA,BOLOGNA,BOIC85200B,I.C. N.9 VIA LONGO,BOEE85202E,SAN DOMENICO SAVIO,VIA NADALINI 1/3,40139,A944,BOLOGNA,NORMALE,SCUOLA PRIMARIA,370060149,NO,NO,SI,NO,Non richiesto,NO,SI,SI,21,6
NORD EST,EMILIA ROMAGNA,BOLOGNA,BOIC853007,I.C. N.10 VIA A. MORO,BOEE853019,GUALANDI,VIA DELL'ARTIGIANO 5,40127,A944,BOLOGNA,NORMALE,SCUOLA PRIMARIA,370060004,NO,NO,Non richiesto,Non richiesto,Non richiesto,NO,SI,SI,21,5
NORD EST,EMILIA ROMAGNA,BOLOGNA,BOIC853007,I.C. N.10 VIA A. MORO,BOEE85302A,CARLO CHIOSTRI,VIA A. BELLETTINI 7,40127,A944,BOLOGNA,NORMALE,SCUOLA PRIMARIA,370060152,SI,SI,SI,SI,Non richiesto,NO,SI,SI,21,5
NORD EST,EMILIA ROMAGNA,BOLOGNA,BOIC854003,I.C. N.11 VIA BEROALDO,BOEE854015,DON G. MINZONI,VIA VALPARAISO 2,40127,A944,BOLOGNA,NORMALE,SCUOLA PRIMARIA,370060165,NO,NO,Non richiesto,SI,Non richiesto,NO,SI,SI,21,4
NORD EST,EMILIA ROMAGNA,BOLOGNA,BOIC854003,I.C. N.11 VIA BEROALDO,BOEE854026,DINO ROMAGNOLI,VIA PANZINI 3,40127,A944,BOLOGNA,NORMALE,SCUOLA PRIMARIA,370060166,NO,NO,Non richiesto,SI,Non richiesto,NO,SI,SI,21,4
NORD EST,EMILIA ROMAGNA,BOLOGNA,BOIC854003,I.C. N.11 VIA BEROALDO,BOEE854037,GIUSEPPE GARIBALDI,VIA BEROALDO 34,40127,A944,BOLOGNA,NORMALE,SCUOLA PRIMARIA,370060150,NO,NO,SI,NO,Non richiesto,NO,SI,SI,21,4
NORD EST,EMILIA ROMAGNA,BOLOGNA,BOIC85500V,I.C. N. 12 VIA BARTOLINI,BOEE855011,VISCARDI,VIA L. BARTOLINI 2,40139,A944,BOLOGNA,NORMALE,SCUOLA PRIMARIA,370060147,NO,NO,SI,NO,Non richiesto,Non richiesto,SI,SI,21,7
NORD EST,EMILIA ROMAGNA,BOLOGNA,BOIC85500V,I.C. N. 12 VIA BARTOLINI,BOEE855022,PADRE OLINTO MARELLA,VIA POPULONIA 9,40139,A944,BOLOGNA,NORMALE,SCUOLA PRIMARIA,370060010,NO,NO,Non richiesto,NO,Non richiesto,NO,SI,SI,21,7
NORD EST,EMILIA ROMAGNA,BOLOGNA,BOIC85600P,I.C. N.7 VIA VIVALDI - IMOLA,BOEE85601R,BIANCA BIZZI,VIA VIVALDI 72,40026,E289,IMOLA,NORMALE,SCUOLA PRIMARIA,370320222,SI,NO,Non richiesto,NO,NO,NO,NO,NO,21,5
NORD EST,EMILIA ROMAGNA,BOLOGNA,BOIC85600P,I.C. N.7 VIA VIVALDI - IMOLA,BOEE85602T,PONTICELLI,VIA PUNTA 87,40026,E289,IMOLA,NORMALE,SCUOLA PRIMARIA,370320221,NO,NO,SI,NO,NO,NO,SI,SI,21,5
NORD EST,EMILIA ROMAGNA,BOLOGNA,BOIC85700E,I.C. N.13,BOEE85701L,SEVERINO FERRARI,VIA BUON PASTORE4,40141,A944,BOLOGNA,NORMALE,SCUOLA PRIMARIA,370060322,SI,SI,SI,SI,Non richiesto,NO,SI,SI,21,7
NORD EST,EMILIA ROMAGNA,BOLOGNA,BOIC85700E,I.C. N.13,BOEE85702N,TAMBRONI,VIA MURRI 158,40137,A944,BOLOGNA,NORMALE,SCUOLA PRIMARIA,370060146,NO,SI,SI,SI,Non richiesto,NO,SI,SI,21,7
NORD EST,EMILIA ROMAGNA,BOLOGNA,BOIC85800A,I.C. N.14 VIA BIANCOLELLI,BOEE85801C,MAZZINI,VIA BIANCOLELLI 40,40132,A944,BOLOGNA,NORMALE,SCUOLA PRIMARIA,370060160,NO,NO,SI,NO,Non richiesto,NO,SI,SI,21,5
NORD EST,EMILIA ROMAGNA,BOLOGNA,BOIC85800A,I.C. N.14 VIA BIANCOLELLI,BOEE85802D,FIORINI,VIA EMILIA PONENTE 311,40132,A944,BOLOGNA,NORMALE,SCUOLA PRIMARIA,370060142,NO,NO,SI,SI,Non richiesto,Non richiesto,SI,SI,21,5
NORD EST,EMILIA ROMAGNA,BOLOGNA,BOIC85800A,I.C. N.14 VIA BIANCOLELLI,BOEE85803E,2 AGOSTO,VIA GALEAZZA 57,40132,A944,BOLOGNA,NORMALE,SCUOLA PRIMARIA,370060144,NO,NO,SI,NO,Non richiesto,NO,SI,SI,21,5
NORD EST,EMILIA ROMAGNA,BOLOGNA,BOIC85800A,I.C. N.14 VIA BIANCOLELLI,BOEE85804G,ALDO MORO,VIA SANTORRE DI SANTAROSA 2,40132,A944,BOLOGNA,NORMALE,SCUOLA PRIMARIA,370060143,NO,NO,SI,NO,Non richiesto,NO,SI,SI,21,5
NORD EST,EMILIA ROMAGNA,BOLOGNA,BOIC85800A,I.C. N.14 VIA BIANCOLELLI,BOEE85805L,LIPPARINI,VIA BUFALINI 16,40132,A944,BOLOGNA,NORMALE,SCUOLA PRIMARIA,370060161,SI,SI,SI,SI,Non richiesto,NO,SI,SI,21,5
NORD EST,EMILIA ROMAGNA,BOLOGNA,BOIC859006,I.C. DI SANT'AGATA BOLOGNESE,BOEE859018,SERRAZANETTI CAPOLUOGO,CORSO PIETROBUONI 8,40019,I191,SANT'AGATA BOLOGNESE,NORMALE,SCUOLA PRIMARIA,370560204,NO,NO,SI,SI,NO,Non richiesto,NO,NO,21,5
NORD EST,EMILIA ROMAGNA,BOLOGNA,BOIC86000A,I.C. DI CREVALCORE,BOEE86001C,G. LODI,VIA XXV APRILE 85,40014,D166,CREVALCORE,NORMALE,SCUOLA PRIMARIA,370240202,-,SI,-,SI,-,-,SI,SI,21,7
NORD EST,EMILIA ROMAGNA,BOLOGNA,BOIC86000A,I.C. DI CREVALCORE,BOEE86002D,UGO PIZZOLI,VIA CALANCA,40010,D166,CREVALCORE,NORMALE,SCUOLA PRIMARIA,370240002,-,-,-,-,-,-,-,-,21,7
NORD EST,EMILIA ROMAGNA,BOLOGNA,BOIC862002,I.C. CRESPELLANO,BOEE862014,BAMBINI DI SARAJEVO,VIA P. CALAMANDREI 2 LOC.CRESPELLANO,40053,M320,VALSAMOGGIA,NORMALE,SCUOLA PRIMARIA,370610023,NO,SI,NO,NO,NO,SI,SI,SI,21,5
NORD EST,EMILIA ROMAGNA,BOLOGNA,BOIC862002,I.C. CRESPELLANO,BOEE862025,G. DEGLI ESPOSTI,LARGO U.FOSCOLO 5-6 LOC. CRESPELLANO,40053,M320,VALSAMOGGIA,NORMALE,SCUOLA PRIMARIA,370610026,NO,SI,NO,NO,Non richiesto,Non richiesto,NO,NO,21,5
NORD EST,EMILIA ROMAGNA,BOLOGNA,BOIC86300T,I.C. BAZZANO - MONTEVEGLIO,BOEE86301X,BAZZANO CAPOLUOGO,VIA DE AMICIS 5/6,40053,M320,VALSAMOGGIA,NORMALE,SCUOLA PRIMARIA,370610001,SI,SI,SI,SI,Non richiesto,SI,SI,SI,21,5
NORD EST,EMILIA ROMAGNA,BOLOGNA,BOIC86300T,I.C. BAZZANO - MONTEVEGLIO,BOEE863021,ALESSANDRA VENTURI,VIA DOSSETTI 5,40050,M320,VALSAMOGGIA,NORMALE,SCUOLA PRIMARIA,370610045,NO,SI,Non richiesto,SI,NO,SI,SI,SI,21,5
NORD EST,EMILIA ROMAGNA,BOLOGNA,BOIC86400N,I.C. DI ZOLA PREDOSA,BOEE86401Q,PONTE RONCA,VIA RISORGIMENTO 217,40069,M185,ZOLA PREDOSA,NORMALE,SCUOLA PRIMARIA,370600311,NO,SI,SI,SI,Non richiesto,Non richiesto,SI,SI,21,5
NORD EST,EMILIA ROMAGNA,BOLOGNA,BOIC86500D,I.C. DI CASTEL SAN PIETRO TERME,BOEE86501G,GUSTAVO SEROTTI,VIA SEROTTI 14/16,40060,C265,CASTEL SAN PIETRO TERME,NORMALE,SCUOLA PRIMARIA,370200192,NO,SI,SI,NO,NO,Non richiesto,SI,SI,21,6
NORD EST,EMILIA ROMAGNA,BOLOGNA,BOIC866009,I.C. DI CASTENASO,BOEE86601B,GUGLIELMO MARCONI,VIA BENTIVOGLI 5,40055,C292,CASTENASO,NORMALE,SCUOLA PRIMARIA,370210198,SI,SI,SI,SI,Non richiesto,NO,SI,SI,21,7
NORD EST,EMILIA ROMAGNA,BOLOGNA,BOIC866009,I.C. DI CASTENASO,BOEE86602C,VIA NASICA,VIA NASICA 2,40055,C292,CASTENASO,NORMALE,SCUOLA PRIMARIA,370210197,SI,SI,SI,NO,SI,NO,SI,SI,21,7
NORD EST,EMILIA ROMAGNA,BOLOGNA,BOIC866009,I.C. DI CASTENASO,BOEE86603D,ANGELA FRESU,VIA TOSARELLI 195,40055,C292,CASTENASO,NORMALE,SCUOLA PRIMARIA,370210196,SI,SI,SI,SI,Non richiesto,Non richiesto,SI,SI,21,7
NORD EST,EMILIA ROMAGNA,BOLOGNA,BOIC867005,I.C. DI MEDICINA,BOEE867017,E. VANNINI,PIAZZA A. COSTA 13,40059,F083,MEDICINA,NORMALE,SCUOLA PRIMARIA,370370240,NO,SI,SI,NO,NO,NO,SI,SI,21,4
NORD EST,EMILIA ROMAGNA,BOLOGNA,BOIC867005,I.C. DI MEDICINA,BOEE867028,ENZO BIAGI,VIA DON ANGELO VERLICCHI 187,40059,F083,MEDICINA,NORMALE,SCUOLA PRIMARIA,370370239,SI,SI,SI,SI,NO,SI,SI,SI,21,4
NORD EST,EMILIA ROMAGNA,BOLOGNA,BOIC867005,I.C. DI MEDICINA,BOEE867039,GINO ZANARDI,VIA SKOFJA LOKA 6,40059,F083,MEDICINA,NORMALE,SCUOLA PRIMARIA,370370241,SI,SI,SI,SI,NO,NO,SI,SI,21,4
NORD EST,EMILIA ROMAGNA,BOLOGNA,BOIC868001,I.C. DI MOLINELLA,BOEE868013,MOLINELLA CAPOLUOGO PRIMARIA,VIA DE AMICIS 1,40062,F288,MOLINELLA,NORMALE,SCUOLA PRIMARIA,370390247,SI,NO,SI,NO,NO,NO,SI,SI,21,5
NORD EST,EMILIA ROMAGNA,BOLOGNA,BOIC868001,I.C. DI MOLINELLA,BOEE868024,MARMORTA PRIMARIA,VIA FIUME VECCHIO 177,40050,F288,MOLINELLA,NORMALE,SCUOLA PRIMARIA,370390249,NO,NO,SI,NO,NO,NO,SI,SI,21,5
NORD EST,EMILIA ROMAGNA,BOLOGNA,BOIC868001,I.C. DI MOLINELLA,BOEE868035,S.MARTINO IN ARGINE PRIMARIA,VIA S.ELENA 47,40060,F288,MOLINELLA,NORMALE,SCUOLA PRIMARIA,370390925,NO,SI,SI,SI,Non richiesto,Non richiesto,SI,SI,21,5
NORD EST,EMILIA ROMAGNA,BOLOGNA,BOIC868001,I.C. DI MOLINELLA,BOEE868046,S.PIETRO CAPOFIUME PRIMARIA,VIA SEVERINO FERRARI 187,40060,F288,MOLINELLA,NORMALE,SCUOLA PRIMARIA,370390251,NO,NO,SI,NO,SI,NO,SI,SI,21,5
NORD EST,EMILIA ROMAGNA,BOLOGNA,BOIC86900R,I.C. DI BUDRIO,BOEE86901V,MEZZOLARA,VIA SCHIASSI 3,40054,B249,BUDRIO,NORMALE,SCUOLA PRIMARIA,370080009,NO,SI,SI,SI,Non richiesto,Non richiesto,SI,SI,21,4
NORD EST,EMILIA ROMAGNA,BOLOGNA,BOIC86900R,I.C. DI BUDRIO,BOEE86902X,SCUOLA DEI BAMBINI D. BENNI,VIA CROCE DI VEDRANA 5,40060,B249,BUDRIO,NORMALE,SCUOLA PRIMARIA,370080010,NO,SI,SI,SI,Non richiesto,Non richiesto,SI,SI,21,4
NORD EST,EMILIA ROMAGNA,BOLOGNA,BOIC870001,IC 1 DECIMA- PERSICETO,BOEE870013,UBALDO E GAETANO GANDOLFI,VIA NUOVA 28/A,40017,G467,SAN GIOVANNI IN PERSICETO,NORMALE,SCUOLA PRIMARIA,370530001,SI,SI,NO,SI,NO,NO,SI,SI,21,6
NORD EST,EMILIA ROMAGNA,BOLOGNA,BOIC870001,IC 1 DECIMA- PERSICETO,BOEE870024,ERMANNO QUAQUARELLI,PIAZZA CARDUCCI 6,40017,G467,SAN GIOVANNI IN PERSICETO,NORMALE,SCUOLA PRIMARIA,370530868,NO,SI,SI,SI,NO,NO,SI,SI,21,6
NORD EST,EMILIA ROMAGNA,BOLOGNA,BOIC87100R,IC 2 SAN GIOVANNI IN PERSICETO,BOEE87101V,M. GARAGNANI-R. ROMAGNOLI,VIA BUDRIE N.79 - VIA RODARI N. 22,40017,G467,SAN GIOVANNI IN PERSICETO,NORMALE,SCUOLA PRIMARIA,370530875,NO,NO,SI,SI,Non richiesto,Non richiesto,SI,SI,21,6
NORD EST,EMILIA ROMAGNA,BOLOGNA,BOIC87200L,IC N.15 VIA LOMBARDI,BOEE87201P,CASARALTA,VIA LOMBARDI 40/2,40128,A944,BOLOGNA,NORMALE,SCUOLA PRIMARIA,370060153,SI,SI,SI,SI,Non richiesto,NO,SI,SI,21,6
NORD EST,EMILIA ROMAGNA,BOLOGNA,BOIC87200L,IC N.15 VIA LOMBARDI,BOEE87202Q,DOZZA,VIA DELLA DOZZA 6,40128,A944,BOLOGNA,NORMALE,SCUOLA PRIMARIA,370060127,NO,SI,SI,SI,Non richiesto,NO,SI,SI,21,6
NORD EST,EMILIA ROMAGNA,BOLOGNA,BOIC87200L,IC N.15 VIA LOMBARDI,BOEE87203R,CROCE COPERTA,VIA MARZIALE 12,40128,A944,BOLOGNA,NORMALE,SCUOLA PRIMARIA,370060125,SI,SI,SI,SI,Non richiesto,Non richiesto,SI,SI,21,6
NORD EST,EMILIA ROMAGNA,BOLOGNA,BOIC87300C,IC.N.16 VICOLO BOLOGNETTI,BOEE87301E,ZAMBONI,VICOLO BOLOGNETTI 8,40125,A944,BOLOGNA,NORMALE,SCUOLA PRIMARIA,370060327,NO,NO,NO,NO,Non richiesto,NO,SI,SI,21,6
NORD EST,EMILIA ROMAGNA,BOLOGNA,BOIC87300C,IC.N.16 VICOLO BOLOGNETTI,BOEE87302G,DON BOSCO,VIA VIZZANI 56,40138,A944,BOLOGNA,NORMALE,SCUOLA PRIMARIA,370060138,SI,SI,SI,SI,Non richiesto,Non richiesto,SI,SI,21,6
NORD EST,EMILIA ROMAGNA,BOLOGNA,BOIC874008,I.C. CROCE,BOEE87401A,BRUNO CIARI,VIA DANTE 2,40033,B880,CASALECCHIO DI RENO,NORMALE,SCUOLA PRIMARIA,370110013,Non richiesto,SI,SI,NO,Non richiesto,Non richiesto,SI,SI,21,5
NORD EST,EMILIA ROMAGNA,BOLOGNA,BOIC874008,I.C. CROCE,BOEE87402B,XXV APRILE 1945,VIA DEI CARRACCI 21,40033,B880,CASALECCHIO DI RENO,NORMALE,SCUOLA PRIMARIA,370110183,Non richiesto,SI,SI,SI,Non richiesto,Non richiesto,SI,SI,21,5
NORD EST,EMILIA ROMAGNA,BOLOGNA,BOIC875004,I.C. CENTRO,BOEE875016,GIOSUE' CARDUCCI,VIA CARDUCCI 13,40033,B880,CASALECCHIO DI RENO,NORMALE,SCUOLA PRIMARIA,370110181,Non richiesto,SI,SI,SI,Non richiesto,Non richiesto,SI,SI,21,5
NORD EST,EMILIA ROMAGNA,BOLOGNA,BOIC875004,I.C. CENTRO,BOEE875027,GIUSEPPE GARIBALDI,VIA DELLO SPORT 1,40033,B880,CASALECCHIO DI RENO,NORMALE,SCUOLA PRIMARIA,370110184,Non richiesto,SI,SI,SI,SI,Non richiesto,SI,SI,21,5
NORD EST,EMILIA ROMAGNA,BOLOGNA,BOIC87600X,I.C. N. 17 BOLOGNA,BOEE876012,GUIDI,VIA CALORI 8,40122,A944,BOLOGNA,NORMALE,SCUOLA PRIMARIA,370060317,NO,NO,Non richiesto,SI,Non richiesto,Non richiesto,SI,SI,21,5
NORD EST,EMILIA ROMAGNA,BOLOGNA,BOIC87700Q,I.C. N. 18 BOLOGNA,BOEE87701T,DE AMICIS,VIA GALLIERA 74,40121,A944,BOLOGNA,NORMALE,SCUOLA PRIMARIA,370060111,NO,NO,SI,SI,Non richiesto,Non richiesto,SI,SI,21,7
NORD EST,EMILIA ROMAGNA,BOLOGNA,BOIC87700Q,I.C. N. 18 BOLOGNA,BOEE87702V,BRUNO MONTERUMICI,VIA ASIAGO 33,40131,A944,BOLOGNA,NORMALE,SCUOLA PRIMARIA,370060114,NO,NO,SI,NO,Non richiesto,NO,SI,SI,21,7
NORD EST,EMILIA ROMAGNA,BOLOGNA,BOIC87800G,I.C. 19 BOLOGNA,BOEE87802P,CREMONINI ONGARO,VIA BELLOMBRA 28,40136,A944,BOLOGNA,NORMALE,SCUOLA PRIMARIA,370060130,NO,SI,SI,SI,Non richiesto,Non richiesto,SI,SI,21,6
NORD EST,EMILIA ROMAGNA,BOLOGNA,BOIC87800G,I.C. 19 BOLOGNA,BOEE87803Q,LONGHENA,VIA CASAGLIA 39,40135,A944,BOLOGNA,NORMALE,SCUOLA PRIMARIA,370060011,NO,NO,Non richiesto,NO,Non richiesto,NO,SI,SI,21,6
NORD EST,EMILIA ROMAGNA,BOLOGNA,BOIC87900B,I.C. N. 20 BOLOGNA,BOEE87901D,CARDUCCI,VIA DANTE 3,40125,A944,BOLOGNA,NORMALE,SCUOLA PRIMARIA,370060131,NO,NO,SI,NO,Non richiesto,Non richiesto,SI,SI,21,7
NORD EST,EMILIA ROMAGNA,BOLOGNA,BOIC87900B,I.C. N. 20 BOLOGNA,BOEE87902E,FORTUZZI,VIALE POLISCHI 1,40136,A944,BOLOGNA,NORMALE,SCUOLA PRIMARIA,370060132,NO,NO,SI,SI,Non richiesto,NO,SI,SI,21,7
NORD EST,EMILIA ROMAGNA,BOLOGNA,BOIC88000G,ISTITUTO COMPRENSIVO N. 21,BOEE88001N,MARCONI,VIA LAURA BASSI VERATTI N. 20,40137,A944,BOLOGNA,NORMALE,SCUOLA PRIMARIA,370060002,NO,SI,SI,NO,Non richiesto,NO,SI,SI,21,5
NORD EST,EMILIA ROMAGNA,BOLOGNA,BOIC88000G,ISTITUTO COMPRENSIVO N. 21,BOEE88002P,DON MILANI,LARGO LERCARO 10,40137,A944,BOLOGNA,NORMALE,SCUOLA PRIMARIA,370060009,NO,NO,SI,NO,Non richiesto,NO,SI,SI,21,5
NORD EST,EMILIA ROMAGNA,BOLOGNA,BOIC88100B,IC N. 1 SAN LAZZARO DI SAVENA,BOEE88101D,LUIGI FANTINI,VIA GALLETTA 40,40068,H945,SAN LAZZARO DI SAVENA,NORMALE,SCUOLA PRIMARIA,370540091,NO,SI,SI,SI,Non richiesto,Non richiesto,SI,SI,21,6
NORD EST,EMILIA ROMAGNA,BOLOGNA,BOIC88100B,IC N. 1 SAN LAZZARO DI SAVENA,BOEE88102E,PEZZANI,VIA REPUBBLICA 25,40068,H945,SAN LAZZARO DI SAVENA,NORMALE,SCUOLA PRIMARIA,370540282,NO,SI,SI,SI,NO,Non richiesto,SI,SI,21,6
NORD EST,EMILIA ROMAGNA,BOLOGNA,BOIC882007,IC N. 2 SAN LAZZARO DI SAVENA,BOEE882019,L. DONINI,VIA PAOLO POGGI 5,40068,H945,SAN LAZZARO DI SAVENA,NORMALE,SCUOLA PRIMARIA,370540285,NO,SI,SI,NO,NO,Non richiesto,SI,SI,21,7
NORD EST,EMILIA ROMAGNA,BOLOGNA,BOIC882007,IC N. 2 SAN LAZZARO DI SAVENA,BOEE88202A,DON TROMBELLI,VIA FONDE' 25,40068,H945,SAN LAZZARO DI SAVENA,NORMALE,SCUOLA PRIMARIA,370540288,SI,SI,SI,SI,Non richiesto,Non richiesto,SI,SI,21,7
NORD EST,EMILIA ROMAGNA,BOLOGNA,BOIC882007,IC N. 2 SAN LAZZARO DI SAVENA,BOEE88203B,L. MILANI,VIA S.RUFFILLO 3,40068,H945,SAN LAZZARO DI SAVENA,NORMALE,SCUOLA PRIMARIA,370540770,NO,SI,SI,SI,Non richiesto,Non richiesto,SI,SI,21,7
NORD EST,EMILIA ROMAGNA,BOLOGNA,BOIC883003,I.C. N. 22 BOLOGNA,BOEE883015,JEAN PIAGET,VIA ARNO 33,40139,A944,BOLOGNA,NORMALE,SCUOLA PRIMARIA,370060168,NO,NO,SI,NO,Non richiesto,NO,SI,SI,21,4
NORD EST,EMILIA ROMAGNA,BOLOGNA,BOIC883003,I.C. N. 22 BOLOGNA,BOEE883026,GIAN PAOLO COSTA,VIA MILANO 13,40139,A944,BOLOGNA,NORMALE,SCUOLA PRIMARIA,370060169,NO,NO,SI,NO,Non richiesto,NO,SI,SI,21,4
NORD EST,EMILIA ROMAGNA,BOLOGNA,BOIC88400V,IC DI LOIANO - MONGHIDORO,BOEE884011,MADRE ORSOLA MEZZINI,VIA ROMA 36,40063,F363,MONGHIDORO,NORMALE,SCUOLA PRIMARIA,370400367,SI,SI,SI,SI,NO,SI,NO,NO,21,4
NORD EST,EMILIA ROMAGNA,BOLOGNA,BOIC88400V,IC DI LOIANO - MONGHIDORO,BOEE884022,"""ROBERTO MAZZETTI""",VIA ROMA 12,40050,E655,LOIANO,NORMALE,SCUOLA PRIMARIA,370340927,NO,NO,NO,NO,NO,Non richiesto,NO,NO,21,4
NORD EST,EMILIA ROMAGNA,BOLOGNA,BOIC80500T,I.C. DI SAN PIETRO IN CASALE,BOIC80500T,I.C. DI SAN PIETRO IN CASALE,VIA MASSUMATICO 67,40018,I110,SAN PIETRO IN CASALE,NORMALE,ISTITUTO COMPRENSIVO,370550385,SI,SI,SI,NO,SI,NO,NO,NO,21,6
NORD EST,EMILIA ROMAGNA,BOLOGNA,BOIC80600N,I.C. DI PIEVE DI CENTO,BOIC80600N,I.C. DI PIEVE DI CENTO,VIA CIRCONVALLAZIONE LEVANTE 61,40066,G643,PIEVE DI CENTO,NORMALE,ISTITUTO COMPRENSIVO,370480372,NO,SI,NO,NO,NO,NO,SI,SI,21,4
NORD EST,EMILIA ROMAGNA,BOLOGNA,BOIC80700D,I.C. DI MONTE SAN PIETRO,BOIC80700D,I.C. DI MONTE SAN PIETRO,VIALE IV NOVEMBRE 4,40050,F627,MONTE SAN PIETRO,NORMALE,ISTITUTO COMPRENSIVO,370420345,SI,NO,NO,SI,Non richiesto,Non richiesto,NO,NO,21,6
NORD EST,EMILIA ROMAGNA,BOLOGNA,BOIC808009,I.C. N.1 VIA DE CAROLIS,BOIC808009,I.C. N.1 VIA DE CAROLIS,VIA DE CAROLIS 23,40133,A944,BOLOGNA,NORMALE,ISTITUTO COMPRENSIVO,370060333,NO,NO,SI,NO,Non richiesto,NO,SI,SI,21,6
NORD EST,EMILIA ROMAGNA,BOLOGNA,BOIC809005,I.C. DI BORGO TOSSIGNANO,BOIC809005,I.C. DI BORGO TOSSIGNANO,VIA DELLA RESISTENZA 17,40021,B044,BORGO TOSSIGNANO,NORMALE,ISTITUTO COMPRENSIVO,370070206,NO,SI,SI,NO,NO,NO,NO,NO,21,7
NORD EST,EMILIA ROMAGNA,BOLOGNA,BOIC810009,I.C. DI CASTELLO DI SERRAVALLE,BOIC810009,I.C. DI CASTELLO DI SERRAVALLE,VIA 25 APRILE 52,40053,M320,VALSAMOGGIA,NORMALE,ISTITUTO COMPRENSIVO,370610011,NO,SI,SI,NO,Non richiesto,SI,NO,NO,21,5
NORD EST,EMILIA ROMAGNA,BOLOGNA,BOIC811005,I.C. SALVO D'ACQUISTO,BOIC811005,I.C. SALVO D'ACQUISTO,VIA GIORDANI 40,40041,D847,GAGGIO MONTANO,NORMALE,ISTITUTO COMPRENSIVO,370270210,SI,SI,SI,SI,Non richiesto,SI,SI,SI,21,4
NORD EST,EMILIA ROMAGNA,BOLOGNA,BOIC812001,I.C. N.2 BOLOGNA,BOIC812001,I.C. N.2 BOLOGNA,VIA SEGANTINI 31,40133,A944,BOLOGNA,NORMALE,ISTITUTO COMPRENSIVO,370060162,NO,SI,Non richiesto,NO,Non richiesto,NO,SI,SI,21,5
NORD EST,EMILIA ROMAGNA,BOLOGNA,BOIC81300R,I.C. N.3 LAME,BOIC81300R,I.C. N.3 LAME,VIA DELLA BEVERARA 158,40131,A944,BOLOGNA,NORMALE,ISTITUTO COMPRENSIVO,370060115,NO,NO,Non richiesto,SI,Non richiesto,Non richiesto,SI,SI,21,4
NORD EST,EMILIA ROMAGNA,BOLOGNA,BOIC81400L,DE AMICIS - ANZOLA EMILIA,BOIC81400L,DE AMICIS - ANZOLA EMILIA,VIA CHIARINI 5,40011,A324,ANZOLA DELL'EMILIA,NORMALE,ISTITUTO COMPRENSIVO,370010003,SI,SI,SI,SI,Non richiesto,Non richiesto,SI,SI,21,6
NORD EST,EMILIA ROMAGNA,BOLOGNA,BOIC81500C,I.C. N.4 VIA VERNE,BOIC81500C,I.C. N.4 VIA VERNE,VIA GIULIO VERNE 19,40128,A944,BOLOGNA,NORMALE,ISTITUTO COMPRENSIVO,370060324,NO,SI,Non richiesto,SI,Non richiesto,NO,SI,SI,21,4
NORD EST,EMILIA ROMAGNA,BOLOGNA,BOIC816008,I.C. N.5 VIA A.DI VINCENZO,BOIC816008,I.C. N.5 VIA A.DI VINCENZO,VIA ANTONIO DI VINCENZO 55,40129,A944,BOLOGNA,NORMALE,ISTITUTO COMPRENSIVO,370060331,NO,NO,SI,SI,Non richiesto,Non richiesto,SI,SI,21,5
NORD EST,EMILIA ROMAGNA,BOLOGNA,BOIC817004,I.C. N.6 VIA FINELLI,BOIC817004,I.C. N.6 VIA FINELLI,VIA FINELLI 2,40126,A944,BOLOGNA,NORMALE,ISTITUTO COMPRENSIVO,370060141,NO,SI,SI,SI,Non richiesto,Non richiesto,SI,SI,21,6
NORD EST,EMILIA ROMAGNA,BOLOGNA,BOIC81800X,I.C. N.7 VIA SCANDELLARA,BOIC81800X,I.C. N.7 VIA SCANDELLARA,VIA SCANDELLARA 54/7,40138,A944,BOLOGNA,NORMALE,ISTITUTO COMPRENSIVO,370060941,NO,SI,Non richiesto,NO,Non richiesto,NO,SI,SI,21,4
NORD EST,EMILIA ROMAGNA,BOLOGNA,BOIC81900Q,"I.C. ""A.FERRI"" SALA BOLOGNESE",BOIC81900Q,"I.C. ""A.FERRI"" SALA BOLOGNESE",VIA DELLA PACE 17,40010,H678,SALA BOLOGNESE,NORMALE,ISTITUTO COMPRENSIVO,370500864,NO,SI,NO,SI,Non richiesto,Non richiesto,SI,SI,21,5
NORD EST,EMILIA ROMAGNA,BOLOGNA,BOIC82000X,I.C. DI CALDERARA DI RENO,BOIC82000X,I.C. DI CALDERARA DI RENO,VIA G. DI VITTORIO 1,40012,B399,CALDERARA DI RENO,NORMALE,ISTITUTO COMPRENSIVO,370090178,Non richiesto,SI,SI,SI,Non richiesto,Non richiesto,NO,NO,21,5
NORD EST,EMILIA ROMAGNA,BOLOGNA,BOIC82100Q,I.C. CERETOLO,BOIC82100Q,I.C. CERETOLO,VIA DELLA LIBERTA' 3,40033,B880,CASALECCHIO DI RENO,NORMALE,ISTITUTO COMPRENSIVO,370110018,Non richiesto,SI,SI,NO,SI,Non richiesto,SI,SI,21,4
NORD EST,EMILIA ROMAGNA,BOLOGNA,BOIC82200G,I.C. DI CASTEL MAGGIORE,BOIC82200G,I.C. DI CASTEL MAGGIORE,VIA BONDANELLO 28,40013,C204,CASTEL MAGGIORE,NORMALE,ISTITUTO COMPRENSIVO,370190351,NO,SI,SI,NO,NO,Non richiesto,SI,SI,21,5
NORD EST,EMILIA ROMAGNA,BOLOGNA,BOIC824007,IC CASTIGLIONE-CAM.-S.BENEDETTO,BOIC824007,IC CASTIGLIONE-CAM.-S.BENEDETTO,VIA FIERA 96,40035,C296,CASTIGLIONE DEI PEPOLI,NORMALE,ISTITUTO COMPRENSIVO,370220354,SI,SI,SI,SI,SI,Non richiesto,NO,NO,21,5
NORD EST,EMILIA ROMAGNA,BOLOGNA,BOIC825003,I.C. DI MALALBERGO,BOIC825003,I.C. DI MALALBERGO,VIA F.LLI CERVI 12,40051,E844,MALALBERGO,NORMALE,ISTITUTO COMPRENSIVO,370350236,SI,SI,Non richiesto,SI,SI,SI,SI,SI,21,5
NORD EST,EMILIA ROMAGNA,BOLOGNA,BOIC82600V,I.C. GRANAROLO DELL'EMILIA,BOIC82600V,I.C. GRANAROLO DELL'EMILIA,VIA ROMA 30,40057,E136,GRANAROLO DELL'EMILIA,NORMALE,ISTITUTO COMPRENSIVO,370300359,SI,SI,SI,SI,Non richiesto,Non richiesto,SI,SI,21,5
NORD EST,EMILIA ROMAGNA,BOLOGNA,BOIC82700P,I.C. DI MINERBIO,BOIC82700P,I.C. DI MINERBIO,VIA DON CAMILLO ZAMBONI 5,40061,F219,MINERBIO,NORMALE,ISTITUTO COMPRENSIVO,370380360,SI,SI,SI,SI,NO,NO,SI,SI,21,6
NORD EST,EMILIA ROMAGNA,BOLOGNA,BOIC82800E,IC DI OZZANO DELL'EMILIA,BOIC82800E,IC DI OZZANO DELL'EMILIA,VIALE 2 GIUGNO 49,40064,G205,OZZANO DELL'EMILIA,NORMALE,ISTITUTO COMPRENSIVO,370460368,SI,SI,Non richiesto,SI,Non richiesto,Non richiesto,SI,SI,21,5
NORD EST,EMILIA ROMAGNA,BOLOGNA,BOIC82900A,I.C. DI RASTIGNANO,BOIC82900A,I.C. DI RASTIGNANO,VIA MARZABOTTO 35,40067,G570,PIANORO,NORMALE,ISTITUTO COMPRENSIVO,370470373,SI,SI,SI,SI,Non richiesto,NO,SI,SI,21,4
NORD EST,EMILIA ROMAGNA,BOLOGNA,BOIC83000E,I.C. DI PIANORO,BOIC83000E,I.C. DI PIANORO,VIA GRAMSCI 14,40065,G570,PIANORO,NORMALE,ISTITUTO COMPRENSIVO,370470370,SI,SI,SI,SI,NO,NO,SI,SI,21,6
NORD EST,EMILIA ROMAGNA,BOLOGNA,BOIC832006,I.C. DI PORRETTA TERME,BOIC832006,I.C. DI PORRETTA TERME,VIA MARCONI 61,40046,M369,ALTO RENO TERME,NORMALE,ISTITUTO COMPRENSIVO,370620374,SI,SI,SI,SI,NO,SI,SI,SI,21,4
NORD EST,EMILIA ROMAGNA,BOLOGNA,BOIC833002,I.C. DI ARGELATO,BOIC833002,I.C. DI ARGELATO,VIA I MAGGIO 8,40050,A392,ARGELATO,NORMALE,ISTITUTO COMPRENSIVO,370020381,SI,SI,SI,SI,Non richiesto,Non richiesto,NO,NO,21,5
NORD EST,EMILIA ROMAGNA,BOLOGNA,BOIC83400T,I.C. DI SAN GIORGIO DI PIANO,BOIC83400T,I.C. DI SAN GIORGIO DI PIANO,VIA GRAMSCI 15,40016,H896,SAN GIORGIO DI PIANO,NORMALE,ISTITUTO COMPRENSIVO,370520277,SI,SI,SI,SI,Non richiesto,Non richiesto,SI,SI,21,6
NORD EST,EMILIA ROMAGNA,BOLOGNA,BOIC83500N,I.C. DI BORGONUOVO,BOIC83500N,I.C. DI BORGONUOVO,GIOVANNI XXIII 11,40037,G972,SASSO MARCONI,NORMALE,ISTITUTO COMPRENSIVO,370570389,SI,SI,SI,SI,Non richiesto,Non richiesto,SI,SI,21,6
NORD EST,EMILIA ROMAGNA,BOLOGNA,BOIC83600D,I.C. DI SASSO MARCONI,BOIC83600D,I.C. DI SASSO MARCONI,VIA PORRETTANA 258,40037,G972,SASSO MARCONI,NORMALE,ISTITUTO COMPRENSIVO,370570387,SI,SI,SI,SI,Non richiesto,Non richiesto,NO,NO,21,4
NORD EST,EMILIA ROMAGNA,BOLOGNA,BOIC838005,I.C. DI VADO - MONZUNO,BOIC838005,I.C. DI VADO - MONZUNO,VIA IV NOVEMBRE 10,40036,F706,MONZUNO,NORMALE,ISTITUTO COMPRENSIVO,370440379,-,SI,-,-,-,-,NO,NO,21,5
NORD EST,EMILIA ROMAGNA,BOLOGNA,BOIC839001,I.C. DI MARZABOTTO,BOIC839001,I.C. DI MARZABOTTO,VIA MUSOLESI 1A,40043,B689,MARZABOTTO,NORMALE,ISTITUTO COMPRENSIVO,370360903,SI,SI,SI,SI,Non richiesto,Non richiesto,SI,SI,21,4
NORD EST,EMILIA ROMAGNA,BOLOGNA,BOIC840005,I.C. VERGATO E GRIZZANA-MORANDI,BOIC840005,I.C. VERGATO E GRIZZANA-MORANDI,VIA CAVOUR 51,40038,L762,VERGATO,NORMALE,ISTITUTO COMPRENSIVO,370590304,SI,SI,SI,SI,Non richiesto,Non richiesto,SI,SI,21,4
NORD EST,EMILIA ROMAGNA,BOLOGNA,BOIC84200R,I.C. N.5 VIA PIRANDELLO - IMOLA,BOIC84200R,I.C. N.5 VIA PIRANDELLO - IMOLA,VIA PIRANDELLO 12,40026,E289,IMOLA,NORMALE,ISTITUTO COMPRENSIVO,370320945,SI,NO,Non richiesto,NO,NO,NO,SI,SI,21,5
NORD EST,EMILIA ROMAGNA,BOLOGNA,BOIC84300L,I.C. N.2 VIA CAVOUR - IMOLA,BOIC84300L,I.C. N.2 VIA CAVOUR - IMOLA,VIA CAVOUR 26,40026,E289,IMOLA,NORMALE,ISTITUTO COMPRENSIVO,370320048,NO,NO,NO,SI,Non richiesto,Non richiesto,SI,SI,21,4
NORD EST,EMILIA ROMAGNA,BOLOGNA,BOIC84400C,I.C. DOZZA IMOLESE - C.GUELFO,BOIC84400C,I.C. DOZZA IMOLESE - C.GUELFO,PIAZZA DELLA LOGGIA 2,40060,D360,DOZZA,NORMALE,ISTITUTO COMPRENSIVO,370250350,NO,SI,SI,NO,NO,NO,SI,SI,21,4
NORD EST,EMILIA ROMAGNA,BOLOGNA,BOIC846004,I.C. N.4 VIA GUICCIARDINI-IMOLA,BOIC846004,I.C. N.4 VIA GUICCIARDINI-IMOLA,VIA GUICCIARDINI 8,40026,E289,IMOLA,NORMALE,ISTITUTO COMPRENSIVO,370320362,NO,SI,NO,NO,NO,NO,SI,SI,21,6
NORD EST,EMILIA ROMAGNA,BOLOGNA,BOIC84700X,I.C. N.6 VIA VILLA CLELIA-IMOLA,BOIC84700X,I.C. N.6 VIA VILLA CLELIA-IMOLA,VIA VILLA CLELIA 18,40026,E289,IMOLA,NORMALE,ISTITUTO COMPRENSIVO,370320220,SI,SI,NO,NO,NO,NO,SI,SI,21,6
NORD EST,EMILIA ROMAGNA,BOLOGNA,BOIC84800Q,I.C. DI MONTERENZIO,BOIC84800Q,I.C. DI MONTERENZIO,VIA OLGNANO 1,40050,F597,MONTERENZIO,NORMALE,ISTITUTO COMPRENSIVO,370410369,NO,NO,Non richiesto,NO,NO,NO,SI,SI,21,4
NORD EST,EMILIA ROMAGNA,BOLOGNA,BOIC85100G,I.C. N.8 CA' SELVATICA,BOIC85100G,I.C. N.8 CA' SELVATICA,VIA CA' SELVATICA 11,40123,A944,BOLOGNA,NORMALE,ISTITUTO COMPRENSIVO,370060003,NO,NO,SI,NO,Non richiesto,NO,SI,SI,21,7
NORD EST,EMILIA ROMAGNA,BOLOGNA,BOIC85200B,I.C. N.9 VIA LONGO,BOIC85200B,I.C. N.9 VIA LONGO,VIA LUIGI LONGO 4,40139,A944,BOLOGNA,NORMALE,ISTITUTO COMPRENSIVO,370060320,NO,SI,SI,NO,Non richiesto,NO,SI,SI,21,6
NORD EST,EMILIA ROMAGNA,BOLOGNA,BOIC853007,I.C. N.10 VIA A. MORO,BOIC853007,I.C. N.10 VIA A. MORO,VIALE ALDO MORO 31,40127,A944,BOLOGNA,NORMALE,ISTITUTO COMPRENSIVO,370060312,SI,SI,SI,NO,Non richiesto,NO,SI,SI,21,5
NORD EST,EMILIA ROMAGNA,BOLOGNA,BOIC854003,I.C. N.11 VIA BEROALDO,BOIC854003,I.C. N.11 VIA BEROALDO,VIA BEROALDO 34,40127,A944,BOLOGNA,NORMALE,ISTITUTO COMPRENSIVO,370060150,NO,NO,SI,NO,Non richiesto,NO,SI,SI,21,4
NORD EST,EMILIA ROMAGNA,BOLOGNA,BOIC85500V,I.C. N. 12 VIA BARTOLINI,BOIC85500V,I.C. N. 12 VIA BARTOLINI,VIA LORENZO BARTOLINI 2,40139,A944,BOLOGNA,NORMALE,ISTITUTO COMPRENSIVO,370060147,NO,NO,SI,NO,Non richiesto,Non richiesto,SI,SI,21,7
NORD EST,EMILIA ROMAGNA,BOLOGNA,BOIC85600P,I.C. N.7 VIA VIVALDI - IMOLA,BOIC85600P,I.C. N.7 VIA VIVALDI - IMOLA,VIA VIVALDI76,40026,E289,IMOLA,NORMALE,ISTITUTO COMPRENSIVO,370320223,SI,SI,Non richiesto,SI,Non richiesto,NO,SI,SI,21,5
NORD EST,EMILIA ROMAGNA,BOLOGNA,BOIC85700E,I.C. N.13,BOIC85700E,I.C. N.13,VIA BUON PASTORE 4,40141,A944,BOLOGNA,NORMALE,ISTITUTO COMPRENSIVO,370060322,SI,SI,SI,SI,Non richiesto,NO,SI,SI,21,7
NORD EST,EMILIA ROMAGNA,BOLOGNA,BOIC85800A,I.C. N.14 VIA BIANCOLELLI,BOIC85800A,I.C. N.14 VIA BIANCOLELLI,VIA EMILIA PONENTE 311,40132,A944,BOLOGNA,NORMALE,ISTITUTO COMPRENSIVO,370060160,NO,NO,SI,NO,Non richiesto,NO,SI,SI,21,5
NORD EST,EMILIA ROMAGNA,BOLOGNA,BOIC859006,I.C. DI SANT'AGATA BOLOGNESE,BOIC859006,I.C. DI SANT'AGATA BOLOGNESE,VIA 2 AGOSTO 1980 15/A,40019,I191,SANT'AGATA BOLOGNESE,NORMALE,ISTITUTO COMPRENSIVO,370560001,SI,Non richiesto,Non richiesto,Non richiesto,Non richiesto,Non richiesto,SI,SI,21,5
NORD EST,EMILIA ROMAGNA,BOLOGNA,BOIC86000A,I.C. DI CREVALCORE,BOIC86000A,I.C. DI CREVALCORE,VIA SACCO E VANZETTI 100,40014,D166,CREVALCORE,NORMALE,ISTITUTO COMPRENSIVO,370240738,SI,SI,SI,SI,SI,SI,SI,SI,21,7
NORD EST,EMILIA ROMAGNA,BOLOGNA,BOIC862002,I.C. CRESPELLANO,BOIC862002,I.C. CRESPELLANO,VIA IV NOVEMBRE 23 -LOC.CRESPELLANO,40053,M320,VALSAMOGGIA,NORMALE,ISTITUTO COMPRENSIVO,370610024,NO,SI,NO,NO,Non richiesto,Non richiesto,NO,NO,21,5
NORD EST,EMILIA ROMAGNA,BOLOGNA,BOIC86300T,I.C. BAZZANO - MONTEVEGLIO,BOIC86300T,I.C. BAZZANO - MONTEVEGLIO,VIA DE AMICIS 6,40053,M320,VALSAMOGGIA,NORMALE,ISTITUTO COMPRENSIVO,370610001,SI,SI,SI,SI,Non richiesto,SI,SI,SI,21,5
NORD EST,EMILIA ROMAGNA,BOLOGNA,BOIC86400N,I.C. DI ZOLA PREDOSA,BOIC86400N,I.C. DI ZOLA PREDOSA,VIA ALBERGATI 30,40069,M185,ZOLA PREDOSA,NORMALE,ISTITUTO COMPRENSIVO,370600393,NO,SI,Non richiesto,NO,NO,Non richiesto,SI,SI,21,5
NORD EST,EMILIA ROMAGNA,BOLOGNA,BOIC86500D,I.C. DI CASTEL SAN PIETRO TERME,BOIC86500D,I.C. DI CASTEL SAN PIETRO TERME,VIA XVII APRILE 1,40024,C265,CASTEL SAN PIETRO TERME,NORMALE,ISTITUTO COMPRENSIVO,370200352,SI,NO,NO,SI,SI,NO,SI,SI,21,6
NORD EST,EMILIA ROMAGNA,BOLOGNA,BOIC866009,I.C. DI CASTENASO,BOIC866009,I.C. DI CASTENASO,VIA MARCONI 3/2,40055,C292,CASTENASO,NORMALE,ISTITUTO COMPRENSIVO,370210353,SI,SI,SI,SI,SI,NO,SI,SI,21,7
NORD EST,EMILIA ROMAGNA,BOLOGNA,BOIC867005,I.C. DI MEDICINA,BOIC867005,I.C. DI MEDICINA,VIA GRAMSCI 2/A,40059,F083,MEDICINA,NORMALE,ISTITUTO COMPRENSIVO,370370364,SI,SI,SI,SI,NO,NO,SI,SI,21,4
NORD EST,EMILIA ROMAGNA,BOLOGNA,BOIC868001,I.C. DI MOLINELLA,BOIC868001,I.C. DI MOLINELLA,VIA DE AMICIS 1,40062,F288,MOLINELLA,NORMALE,ISTITUTO COMPRENSIVO,370390247,SI,NO,SI,NO,NO,NO,SI,SI,21,5
NORD EST,EMILIA ROMAGNA,BOLOGNA,BOIC86900R,I.C. DI BUDRIO,BOIC86900R,I.C. DI BUDRIO,VIA GIOVANNI XXIII 2,40054,B249,BUDRIO,NORMALE,ISTITUTO COMPRENSIVO,370080343,NO,SI,SI,SI,Non richiesto,Non richiesto,SI,SI,21,4
NORD EST,EMILIA ROMAGNA,BOLOGNA,BOIC870001,IC 1 DECIMA- PERSICETO,BOIC870001,IC 1 DECIMA- PERSICETO,PIAZZA CARDUCCI 6,40017,G467,SAN GIOVANNI IN PERSICETO,NORMALE,ISTITUTO COMPRENSIVO,370530001,SI,SI,NO,SI,NO,NO,SI,SI,21,6
NORD EST,EMILIA ROMAGNA,BOLOGNA,BOIC87100R,IC 2 SAN GIOVANNI IN PERSICETO,BOIC87100R,IC 2 SAN GIOVANNI IN PERSICETO,VIA MALPIGHI 2,40017,G467,SAN GIOVANNI IN PERSICETO,NORMALE,ISTITUTO COMPRENSIVO,370530002,NO,SI,NO,SI,NO,NO,SI,SI,21,6
NORD EST,EMILIA ROMAGNA,BOLOGNA,BOIC87200L,IC N.15 VIA LOMBARDI,BOIC87200L,IC N.15 VIA LOMBARDI,VIA LOMBARDI 40,40128,A944,BOLOGNA,NORMALE,ISTITUTO COMPRENSIVO,370060153,SI,SI,SI,SI,Non richiesto,NO,SI,SI,21,6
NORD EST,EMILIA ROMAGNA,BOLOGNA,BOIC87300C,IC.N.16 VICOLO BOLOGNETTI,BOIC87300C,IC.N.16 VICOLO BOLOGNETTI,VICOLO BOLOGNETTI 10,40125,A944,BOLOGNA,NORMALE,ISTITUTO COMPRENSIVO,370060327,NO,NO,NO,NO,Non richiesto,NO,SI,SI,21,6
NORD EST,EMILIA ROMAGNA,BOLOGNA,BOIC874008,I.C. CROCE,BOIC874008,I.C. CROCE,VIA PORRETTANA 97,40033,B880,CASALECCHIO DI RENO,NORMALE,ISTITUTO COMPRENSIVO,370110349,Non richiesto,SI,SI,SI,Non richiesto,Non richiesto,SI,SI,21,5
NORD EST,EMILIA ROMAGNA,BOLOGNA,BOIC875004,I.C. CENTRO,BOIC875004,I.C. CENTRO,VIA MAMELI 7,40033,B880,CASALECCHIO DI RENO,NORMALE,ISTITUTO COMPRENSIVO,370110346,Non richiesto,SI,SI,SI,Non richiesto,Non richiesto,SI,SI,21,5
NORD EST,EMILIA ROMAGNA,BOLOGNA,BOIC87600X,I.C. N. 17 BOLOGNA,BOIC87600X,I.C. N. 17 BOLOGNA,VIA GRAZIANO 8,40122,A944,BOLOGNA,NORMALE,ISTITUTO COMPRENSIVO,370060317,NO,NO,Non richiesto,SI,Non richiesto,Non richiesto,SI,SI,21,5
NORD EST,EMILIA ROMAGNA,BOLOGNA,BOIC87700Q,I.C. N. 18 BOLOGNA,BOIC87700Q,I.C. N. 18 BOLOGNA,VIA GALLIERA 74,40121,A944,BOLOGNA,NORMALE,ISTITUTO COMPRENSIVO,370060111,NO,NO,SI,SI,Non richiesto,Non richiesto,SI,SI,21,7
NORD EST,EMILIA ROMAGNA,BOLOGNA,BOIC87800G,I.C. 19 BOLOGNA,BOIC87800G,I.C. 19 BOLOGNA,VIA D'AZEGLIO 82,40123,A944,BOLOGNA,NORMALE,ISTITUTO COMPRENSIVO,370060315,NO,NO,SI,NO,Non richiesto,NO,SI,SI,21,6
NORD EST,EMILIA ROMAGNA,BOLOGNA,BOIC87900B,I.C. N. 20 BOLOGNA,BOIC87900B,I.C. N. 20 BOLOGNA,VIA DANTE 3,40125,A944,BOLOGNA,NORMALE,ISTITUTO COMPRENSIVO,370060131,NO,NO,SI,NO,Non richiesto,Non richiesto,SI,SI,21,7
NORD EST,EMILIA ROMAGNA,BOLOGNA,BOIC88000G,ISTITUTO COMPRENSIVO N. 21,BOIC88000G,ISTITUTO COMPRENSIVO N. 21,VIA LAURA BASSI N. 20,40137,A944,BOLOGNA,NORMALE,ISTITUTO COMPRENSIVO,370060002,NO,SI,SI,NO,Non richiesto,NO,SI,SI,21,5
NORD EST,EMILIA ROMAGNA,BOLOGNA,BOIC88100B,IC N. 1 SAN LAZZARO DI SAVENA,BOIC88100B,IC N. 1 SAN LAZZARO DI SAVENA,VIA REPUBBLICA 25,40068,H945,SAN LAZZARO DI SAVENA,NORMALE,ISTITUTO COMPRENSIVO,370540282,NO,SI,SI,SI,NO,Non richiesto,SI,SI,21,6
NORD EST,EMILIA ROMAGNA,BOLOGNA,BOIC882007,IC N. 2 SAN LAZZARO DI SAVENA,BOIC882007,IC N. 2 SAN LAZZARO DI SAVENA,VIA PAOLO POGGI 5,40068,H945,SAN LAZZARO DI SAVENA,NORMALE,ISTITUTO COMPRENSIVO,370540285,NO,SI,SI,NO,NO,Non richiesto,SI,SI,21,7
NORD EST,EMILIA ROMAGNA,BOLOGNA,BOIC883003,I.C. N. 22 BOLOGNA,BOIC883003,I.C. N. 22 BOLOGNA,VIA MILANO 13,40139,A944,BOLOGNA,NORMALE,ISTITUTO COMPRENSIVO,370060169,NO,NO,SI,NO,Non richiesto,NO,SI,SI,21,4
NORD EST,EMILIA ROMAGNA,BOLOGNA,BOIC88400V,IC DI LOIANO - MONGHIDORO,BOIC88400V,IC DI LOIANO - MONGHIDORO,VIA MICHELE DEI RAMAZZOTTI 24,40063,F363,MONGHIDORO,NORMALE,ISTITUTO COMPRENSIVO,370400367,SI,SI,SI,SI,NO,SI,NO,NO,21,4
NORD EST,EMILIA ROMAGNA,BOLOGNA,BOIS00100P,I.I.S. MARIA MONTESSORI - L. DA VINCI,BOIS00100P,I.I.S. MARIA MONTESSORI - L. DA VINCI,VIA DELLA REPUBBLICA 3,40046,M369,ALTO RENO TERME,NORMALE,ISTITUTO SUPERIORE,370620397,Non richiesto,SI,SI,NO,Non richiesto,Non richiesto,SI,SI,21,5
NORD EST,EMILIA ROMAGNA,BOLOGNA,BOIS00300A,I.I.S. GIORDANO BRUNO,BOIS00300A,I.I.S. GIORDANO BRUNO,VIALE I MAGGIO 5,40054,B249,BUDRIO,NORMALE,ISTITUTO SUPERIORE,370080414,Non richiesto,SI,SI,SI,Non richiesto,Non richiesto,SI,SI,21,5
NORD EST,EMILIA ROMAGNA,BOLOGNA,BOIS00600T,I.I.S ARRIGO SERPIERI,BOIS00600T,I.I.S ARRIGO SERPIERI,VIA V. PEGLION 25,40128,A944,BOLOGNA,NORMALE,ISTITUTO SUPERIORE,370060445,Non richiesto,SI,SI,SI,Non richiesto,Non richiesto,SI,SI,21,4
NORD EST,EMILIA ROMAGNA,BOLOGNA,BOIS00700N,I.I.S. ARCHIMEDE,BOIS00700N,I.I.S. ARCHIMEDE,VIA CENTO 38/A,40017,G467,SAN GIOVANNI IN PERSICETO,NORMALE,ISTITUTO SUPERIORE,370530452,Non richiesto,SI,SI,SI,Non richiesto,Non richiesto,SI,SI,21,5
NORD EST,EMILIA ROMAGNA,BOLOGNA,BOIS00800D,I.I.S. J.M. KEYNES,BOIS00800D,I.I.S. J.M. KEYNES,VIA BONDANELLO 30,40013,C204,CASTEL MAGGIORE,NORMALE,ISTITUTO SUPERIORE,370190407,Non richiesto,SI,SI,SI,Non richiesto,Non richiesto,SI,SI,21,4
NORD EST,EMILIA ROMAGNA,BOLOGNA,BOIS009009,I.I.S. CADUTI DELLA DIRETTISSIMA,BOIS009009,I.I.S. CADUTI DELLA DIRETTISSIMA,VIA TOSCANA 21,40035,C296,CASTIGLIONE DEI PEPOLI,NORMALE,ISTITUTO SUPERIORE,370220441,Non richiesto,NO,SI,SI,Non richiesto,SI,SI,SI,21,6
NORD EST,EMILIA ROMAGNA,BOLOGNA,BOIS012005,I.I.S. PAOLINI - CASSIANO DA IMOLA,BOIS012005,I.I.S. PAOLINI - CASSIANO DA IMOLA,VIA GUICCIARDINI 2,40026,E289,IMOLA,NORMALE,ISTITUTO SUPERIORE,370320449,Non richiesto,NO,SI,SI,Non richiesto,Non richiesto,SI,SI,21,4
NORD EST,EMILIA ROMAGNA,BOLOGNA,BOIS01400R,I.I.S. F. ALBERGHETTI,BOIS01400R,I.I.S. F. ALBERGHETTI,VIA SAN BENEDETTO 10,40026,E289,IMOLA,NORMALE,ISTITUTO SUPERIORE,370320416,Non richiesto,NO,SI,SI,Non richiesto,Non richiesto,SI,SI,21,5
NORD EST,EMILIA ROMAGNA,BOLOGNA,BOIS01600C,I.I.S MANFREDI - TANARI,BOIS01600C,I.I.S MANFREDI - TANARI,VIALE FELSINA 40,40139,A944,BOLOGNA,NORMALE,ISTITUTO SUPERIORE,370060944,Non richiesto,SI,SI,NO,Non richiesto,Non richiesto,SI,SI,21,6
NORD EST,EMILIA ROMAGNA,BOLOGNA,BOIS017008,I.I.S. ENRICO MATTEI,BOIS017008,I.I.S. ENRICO MATTEI,VIA DELLE RIMEMBRANZE 26,40068,H945,SAN LAZZARO DI SAVENA,NORMALE,ISTITUTO SUPERIORE,370540460,Non richiesto,SI,SI,SI,Non richiesto,Non richiesto,NO,NO,21,5
NORD EST,EMILIA ROMAGNA,BOLOGNA,BOIS01900X,I.I.S. ALDINI VALERIANI,BOIS01900X,I.I.S. ALDINI VALERIANI,VIA BASSANELLI 9/11,40129,A944,BOLOGNA,NORMALE,ISTITUTO SUPERIORE,370061000,NO,NO,SI,NO,Non richiesto,NO,SI,SI,21,3
NORD EST,EMILIA ROMAGNA,BOLOGNA,BOIS02100X,I.I.S. LUIGI FANTINI,BOIS02100X,I.I.S. LUIGI FANTINI,VIA BOLOGNA 240,40038,L762,VERGATO,NORMALE,ISTITUTO SUPERIORE,370591000,SI,SI,SI,SI,Non richiesto,SI,SI,SI,21,4
NORD EST,EMILIA ROMAGNA,BOLOGNA,BOIS02200Q,I.I.S. BARTOLOMEO SCAPPI,BOIS02200Q,I.I.S. BARTOLOMEO SCAPPI,VIALE TERME 1054,40024,C265,CASTEL SAN PIETRO TERME,NORMALE,ISTITUTO SUPERIORE,370200436,SI,SI,SI,NO,Non richiesto,Non richiesto,SI,SI,21,4
NORD EST,EMILIA ROMAGNA,BOLOGNA,BOIS02300G,IIS BELLUZZI-FIORAVANTI,BOIS02300G,IIS BELLUZZI-FIORAVANTI,VIA G.D. CASSINI 3,40133,A944,BOLOGNA,NORMALE,ISTITUTO SUPERIORE,370060462,Non richiesto,SI,SI,NO,Non richiesto,SI,SI,SI,21,3
NORD EST,EMILIA ROMAGNA,BOLOGNA,BOIS02400B,IIS MALPIGHI,BOIS02400B,IIS MALPIGHI,VIA PERSICETANA 45,40014,D166,CREVALCORE,NORMALE,ISTITUTO SUPERIORE,370240439,SI,SI,Non richiesto,SI,Non richiesto,SI,SI,SI,21,5
NORD EST,EMILIA ROMAGNA,BOLOGNA,BOIS026003,ITI ETTORE MAJORANA,BOIS026003,ITI ETTORE MAJORANA,VIA CASELLE 26,40068,H945,SAN LAZZARO DI SAVENA,NORMALE,ISTITUTO SUPERIORE,370540878,NO,SI,NO,NO,Non richiesto,NO,NO,NO,21,6
NORD EST,EMILIA ROMAGNA,BOLOGNA,BOIC80500T,I.C. DI SAN PIETRO IN CASALE,BOMM80501V,GIOVANNI XXIII-GALLIERA,VIA CAVALLINI N.26,40015,D878,GALLIERA,NORMALE,SCUOLA PRIMO GRADO,370280740,NO,SI,NO,SI,Non richiesto,Non richiesto,SI,SI,21,6
NORD EST,EMILIA ROMAGNA,BOLOGNA,BOIC80500T,I.C. DI SAN PIETRO IN CASALE,BOMM80502X,BAGNOLI-SAN PIETRO IN CASALE,VIA MASSUMATICO 67,40018,I110,SAN PIETRO IN CASALE,NORMALE,SCUOLA PRIMO GRADO,370550385,SI,SI,SI,NO,SI,NO,NO,NO,21,6
NORD EST,EMILIA ROMAGNA,BOLOGNA,BOIC80600N,I.C. DI PIEVE DI CENTO,BOMM80601P,A.GESSI-CASTELLO D'ARGILE,VIA EUROPA UNITA 3,40050,C185,CASTELLO D'ARGILE,NORMALE,SCUOLA PRIMO GRADO,370170373,NO,NO,NO,NO,NO,NO,SI,SI,21,4
NORD EST,EMILIA ROMAGNA,BOLOGNA,BOIC80600N,I.C. DI PIEVE DI CENTO,BOMM80602Q,CAVICCHI-PIEVE DI CENTO,VIA CIRCONVALLAZIONE LEVANTE 61,40066,G643,PIEVE DI CENTO,NORMALE,SCUOLA PRIMO GRADO,370480372,NO,SI,NO,NO,NO,NO,SI,SI,21,4
NORD EST,EMILIA ROMAGNA,BOLOGNA,BOIC80700D,I.C. DI MONTE SAN PIETRO,BOMM80701E,LUSVARDI-MONTE SAN PIETRO,VIA IV NOVEMBRE 4,40050,F627,MONTE SAN PIETRO,NORMALE,SCUOLA PRIMO GRADO,370420345,SI,NO,NO,SI,Non richiesto,Non richiesto,NO,NO,21,6
NORD EST,EMILIA ROMAGNA,BOLOGNA,BOIC808009,I.C. N.1 VIA DE CAROLIS,BOMM80801A,G.DOZZA - 1 BOLOGNA,VIA DE CAROLIS 23,40133,A944,BOLOGNA,NORMALE,SCUOLA PRIMO GRADO,370060333,NO,NO,SI,NO,Non richiesto,NO,SI,SI,21,6
NORD EST,EMILIA ROMAGNA,BOLOGNA,BOIC809005,I.C. DI BORGO TOSSIGNANO,BOMM809016,S.BARTOLOMEO APOSTOLO-BORGO T.,VIA DELLA RESISTENZA 17,40021,B044,BORGO TOSSIGNANO,NORMALE,SCUOLA PRIMO GRADO,370070206,NO,SI,SI,NO,NO,NO,NO,NO,21,7
NORD EST,EMILIA ROMAGNA,BOLOGNA,BOIC809005,I.C. DI BORGO TOSSIGNANO,BOMM809027,S.BARTOLOMEO APOSTOLO FONTANELI,CORSO EUROPA 20,40025,D668,FONTANELICE,NORMALE,SCUOLA PRIMO GRADO,370260340,NO,NO,SI,NO,NO,NO,NO,NO,21,7
NORD EST,EMILIA ROMAGNA,BOLOGNA,BOIC809005,I.C. DI BORGO TOSSIGNANO,BOMM809038,S.BARTOLOMEO APOSTOLO-C.D.R.,VIA IV NOVEMBRE 4,40022,C086,CASTEL DEL RIO,NORMALE,SCUOLA PRIMO GRADO,370140341,NO,SI,NO,Non richiesto,Non richiesto,Non richiesto,SI,SI,21,7
NORD EST,EMILIA ROMAGNA,BOLOGNA,BOIC809005,I.C. DI BORGO TOSSIGNANO,BOMM809049,S.BARTOLOMEO APOSTOLO CASALFIUM,VIA A.COSTA 22,40020,B892,CASALFIUMANESE,NORMALE,SCUOLA PRIMO GRADO,370120342,NO,SI,SI,NO,NO,NO,SI,SI,21,7
NORD EST,EMILIA ROMAGNA,BOLOGNA,BOIC810009,I.C. DI CASTELLO DI SERRAVALLE,BOMM81001A,ALIGHIERI-CASTELLO DI SERRAVALL,VIA XXV APRILE 52,40050,M320,VALSAMOGGIA,NORMALE,SCUOLA PRIMO GRADO,370610011,NO,SI,SI,NO,Non richiesto,SI,NO,NO,21,5
NORD EST,EMILIA ROMAGNA,BOLOGNA,BOIC810009,I.C. DI CASTELLO DI SERRAVALLE,BOMM81002B,CASINI-SAVIGNO,VIA G. MARCONI 63,40060,M320,VALSAMOGGIA,NORMALE,SCUOLA PRIMO GRADO,370610060,NO,SI,Non richiesto,NO,SI,NO,SI,SI,21,5
NORD EST,EMILIA ROMAGNA,BOLOGNA,BOIC811005,I.C. SALVO D'ACQUISTO,BOMM811016,MARCELLO LANZONI,VIA III NOVEMBRE 107,40042,A771,LIZZANO IN BELVEDERE,NORMALE,SCUOLA PRIMO GRADO,370330363,SI,NO,SI,Non richiesto,NO,NO,SI,SI,21,4
NORD EST,EMILIA ROMAGNA,BOLOGNA,BOIC811005,I.C. SALVO D'ACQUISTO,BOMM811027,MEDIA CASTEL D'AIANO,CASTELLARO 3,40034,C075,CASTEL D'AIANO,NORMALE,SCUOLA PRIMO GRADO,370130042,NO,SI,Non richiesto,SI,Non richiesto,NO,SI,SI,21,4
NORD EST,EMILIA ROMAGNA,BOLOGNA,BOIC811005,I.C. SALVO D'ACQUISTO,BOMM811038,SALVO D'ACQUISTO-GAGGIO MONTANO,VIA G. GIORDANI 40,40041,D847,GAGGIO MONTANO,NORMALE,SCUOLA PRIMO GRADO,370270209,SI,SI,SI,SI,NO,SI,SI,SI,21,4
NORD EST,EMILIA ROMAGNA,BOLOGNA,BOIC812001,I.C. N.2 BOLOGNA,BOMM812012,ZANOTTI - 2 BOLOGNA,VIA DEL GIACINTO 39,40133,A944,BOLOGNA,NORMALE,SCUOLA PRIMO GRADO,370060164,NO,NO,SI,NO,Non richiesto,NO,SI,SI,21,5
NORD EST,EMILIA ROMAGNA,BOLOGNA,BOIC81300R,I.C. N.3 LAME,BOMM81301T,SALVO D'ACQUISTO - 3 BOLOGNA,VIA DELLA BEVERARA 188,40131,A944,BOLOGNA,NORMALE,SCUOLA PRIMO GRADO,370060116,NO,NO,SI,NO,NO,NO,SI,SI,21,4
NORD EST,EMILIA ROMAGNA,BOLOGNA,BOIC81400L,DE AMICIS - ANZOLA EMILIA,BOMM81401N,GIOVANNI PASCOLI-ANZOLA EMILIA,VIA XXV APRILE 6,40011,A324,ANZOLA DELL'EMILIA,NORMALE,SCUOLA PRIMO GRADO,370010337,SI,SI,SI,SI,NO,Non richiesto,SI,SI,21,6
NORD EST,EMILIA ROMAGNA,BOLOGNA,BOIC81500C,I.C. N.4 VIA VERNE,BOMM81501D,PANZINI - 4 BOLOGNA,VIA GIULIO VERNE 19,40128,A944,BOLOGNA,NORMALE,SCUOLA PRIMO GRADO,370060324,NO,SI,Non richiesto,SI,Non richiesto,NO,SI,SI,21,4
NORD EST,EMILIA ROMAGNA,BOLOGNA,BOIC816008,I.C. N.5 VIA A.DI VINCENZO,BOMM816019,TESTONI-FIORAVANTI - 5 BOLOGNA,VIA A.DI VINCENZO 55,40129,A944,BOLOGNA,NORMALE,SCUOLA PRIMO GRADO,370060331,NO,NO,SI,SI,Non richiesto,Non richiesto,SI,SI,21,5
NORD EST,EMILIA ROMAGNA,BOLOGNA,BOIC817004,I.C. N.6 VIA FINELLI,BOMM817015,IRNERIO - 6 BOLOGNA,VIA FINELLI 2,40126,A944,BOLOGNA,NORMALE,SCUOLA PRIMO GRADO,370060133,NO,NO,SI,SI,Non richiesto,Non richiesto,SI,SI,21,6
NORD EST,EMILIA ROMAGNA,BOLOGNA,BOIC81800X,I.C. N.7 VIA SCANDELLARA,BOMM818011,JACOPO DELLA QUERCIA- 7 BOLOGNA,VIA SCANDELLARA 54/3,40138,A944,BOLOGNA,NORMALE,SCUOLA PRIMO GRADO,370060135,NO,NO,SI,Non richiesto,Non richiesto,Non richiesto,SI,SI,21,4
NORD EST,EMILIA ROMAGNA,BOLOGNA,BOIC81900Q,"I.C. ""A.FERRI"" SALA BOLOGNESE",BOMM81901R,DUE RISORGIMENTI-SALA BOLOGNESE,VIA DELLA PACE 17,40010,H678,SALA BOLOGNESE,NORMALE,SCUOLA PRIMO GRADO,370500864,NO,SI,NO,SI,Non richiesto,Non richiesto,SI,SI,21,5
NORD EST,EMILIA ROMAGNA,BOLOGNA,BOIC82000X,I.C. DI CALDERARA DI RENO,BOMM820011,DUE RISORGIMENTI-CALDERARA,VIA G. DI VITTORIO 3/3,40012,B399,CALDERARA DI RENO,NORMALE,SCUOLA PRIMO GRADO,370090178,Non richiesto,SI,SI,SI,Non richiesto,Non richiesto,NO,NO,21,5
NORD EST,EMILIA ROMAGNA,BOLOGNA,BOIC82100Q,I.C. CERETOLO,BOMM82101R,LORENA MORUZZI- CERETOLO,VIA DELLA LIBERTA' 3,40033,B880,CASALECCHIO DI RENO,NORMALE,SCUOLA PRIMO GRADO,370110348,Non richiesto,SI,SI,NO,NO,Non richiesto,NO,SI,21,4
NORD EST,EMILIA ROMAGNA,BOLOGNA,BOIC82200G,I.C. DI CASTEL MAGGIORE,BOMM82201L,DONINI PELAGALLI,VIA BONDANELLO 28,40013,C204,CASTEL MAGGIORE,NORMALE,SCUOLA PRIMO GRADO,370190351,NO,SI,SI,NO,NO,Non richiesto,SI,SI,21,5
NORD EST,EMILIA ROMAGNA,BOLOGNA,BOIC824007,IC CASTIGLIONE-CAM.-S.BENEDETTO,BOMM824018,G.MARCONI-CASTIGLIONE PEPOLI MM,VIA FIERA 96,40035,C296,CASTIGLIONE DEI PEPOLI,NORMALE,SCUOLA PRIMO GRADO,370220200,NO,NO,SI,Non richiesto,Non richiesto,Non richiesto,NO,NO,21,5
NORD EST,EMILIA ROMAGNA,BOLOGNA,BOIC824007,IC CASTIGLIONE-CAM.-S.BENEDETTO,BOMM824029,G.MORANDI-CAMUGNANO MM,VIA CALABRIA 57,40032,B572,CAMUGNANO,NORMALE,SCUOLA PRIMO GRADO,370100725,SI,SI,NO,SI,Non richiesto,Non richiesto,SI,SI,21,5
NORD EST,EMILIA ROMAGNA,BOLOGNA,BOIC824007,IC CASTIGLIONE-CAM.-S.BENEDETTO,BOMM82403A,MUSOLESI-S.BENEDETTO VAL SAMBRO,VIA MARCONI 48/B,40048,G566,SAN BENEDETTO VAL DI SAMBRO,NORMALE,SCUOLA PRIMO GRADO,370510302,SI,SI,SI,NO,NO,Non richiesto,NO,NO,21,5
NORD EST,EMILIA ROMAGNA,BOLOGNA,BOIC825003,I.C. DI MALALBERGO,BOMM825014,GIUSEPPE GARIBALDI-ALTEDO,VIA NAZIONALE 101,40051,E844,MALALBERGO,NORMALE,SCUOLA PRIMO GRADO,370350335,SI,SI,SI,SI,SI,Non richiesto,SI,SI,21,5
NORD EST,EMILIA ROMAGNA,BOLOGNA,BOIC825003,I.C. DI MALALBERGO,BOMM825025,GIUSEPPE GARIBALDI-BARICELLA,VIA EUROPA 1,40052,A665,BARICELLA,NORMALE,SCUOLA PRIMO GRADO,370030721,SI,SI,SI,NO,Non richiesto,Non richiesto,SI,SI,21,5
NORD EST,EMILIA ROMAGNA,BOLOGNA,BOIC82600V,I.C. GRANAROLO DELL'EMILIA,BOMM82601X,P. MATTEUCCI-GRANAROLO,VIA ROMA 30,40057,E136,GRANAROLO DELL'EMILIA,NORMALE,SCUOLA PRIMO GRADO,370300359,SI,SI,SI,SI,Non richiesto,Non richiesto,SI,SI,21,5
NORD EST,EMILIA ROMAGNA,BOLOGNA,BOIC82700P,I.C. DI MINERBIO,BOMM82701Q,C. CAVOUR-MINERBIO,VIA DON CAMILLO ZAMBONI 5,40061,F219,MINERBIO,NORMALE,SCUOLA PRIMO GRADO,370380360,SI,SI,SI,SI,NO,NO,SI,SI,21,6
NORD EST,EMILIA ROMAGNA,BOLOGNA,BOIC82800E,IC DI OZZANO DELL'EMILIA,BOMM82801G,E. PANZACCHI-OZZANO,VIALE II GIUGNO 49,40064,G205,OZZANO DELL'EMILIA,NORMALE,SCUOLA PRIMO GRADO,370460368,SI,SI,Non richiesto,SI,Non richiesto,Non richiesto,SI,SI,21,5
NORD EST,EMILIA ROMAGNA,BOLOGNA,BOIC82900A,I.C. DI RASTIGNANO,BOMM82901B,MARGHERITA HACK,VIA DEL CASELLO 3,40065,G570,PIANORO,NORMALE,SCUOLA PRIMO GRADO,370470371,SI,SI,SI,SI,NO,SI,SI,SI,21,4
NORD EST,EMILIA ROMAGNA,BOLOGNA,BOIC83000E,I.C. DI PIANORO,BOMM83001G,V. NERI-PIANORO,VIA GRAMSCI 14,40065,G570,PIANORO,NORMALE,SCUOLA PRIMO GRADO,370470370,SI,SI,SI,SI,NO,NO,SI,SI,21,6
NORD EST,EMILIA ROMAGNA,BOLOGNA,BOIC832006,I.C. DI PORRETTA TERME,BOMM832017,A.GIURIOLO-PORRETTA TERME,VIA MARCONI 61,40046,M369,ALTO RENO TERME,NORMALE,SCUOLA PRIMO GRADO,370620374,SI,SI,SI,SI,NO,SI,SI,SI,21,4
NORD EST,EMILIA ROMAGNA,BOLOGNA,BOIC832006,I.C. DI PORRETTA TERME,BOMM832028,A. GIURIOLO-CASTEL DI CASIO,VIA DEGLI ALBERGHI 12/4,40030,B969,CASTEL DI CASIO,NORMALE,SCUOLA PRIMO GRADO,370150727,SI,SI,Non richiesto,Non richiesto,Non richiesto,Non richiesto,SI,SI,21,4
NORD EST,EMILIA ROMAGNA,BOLOGNA,BOIC833002,I.C. DI ARGELATO,BOMM833013,NICOLAS GREEN-ARGELATO,VIA I MAGGIO 8,40050,A392,ARGELATO,NORMALE,SCUOLA PRIMO GRADO,370020381,SI,SI,SI,SI,Non richiesto,Non richiesto,NO,NO,21,5
NORD EST,EMILIA ROMAGNA,BOLOGNA,BOIC83400T,I.C. DI SAN GIORGIO DI PIANO,BOMM83401V,"""CRISTOFORO COLOMBO""",VIA GRAMSCI 15,40016,H896,SAN GIORGIO DI PIANO,NORMALE,SCUOLA PRIMO GRADO,370520380,SI,SI,SI,SI,Non richiesto,Non richiesto,SI,SI,21,6
NORD EST,EMILIA ROMAGNA,BOLOGNA,BOIC83400T,I.C. DI SAN GIORGIO DI PIANO,BOMM83402X,"""GIUSEPPE UNGARETTI""",VIA MARCONI 60,40010,A785,BENTIVOGLIO,NORMALE,SCUOLA PRIMO GRADO,370050005,SI,SI,Non richiesto,SI,Non richiesto,Non richiesto,NO,NO,21,6
NORD EST,EMILIA ROMAGNA,BOLOGNA,BOIC83500N,I.C. DI BORGONUOVO,BOMM83501P,SECONDARIA I GRADO BORGONUOVO,VIA GIOVANNI XXIII 16,40037,G972,SASSO MARCONI,NORMALE,SCUOLA PRIMO GRADO,370570295,SI,SI,SI,SI,Non richiesto,Non richiesto,NO,NO,21,6
NORD EST,EMILIA ROMAGNA,BOLOGNA,BOIC83600D,I.C. DI SASSO MARCONI,BOMM83601E,G. GALILEI-SASSO MARCONI,VIA PORRETTANA 258,40037,G972,SASSO MARCONI,NORMALE,SCUOLA PRIMO GRADO,370570385,SI,SI,-,SI,Non richiesto,-,-,-,21,4
NORD EST,EMILIA ROMAGNA,BOLOGNA,BOIC838005,I.C. DI VADO - MONZUNO,BOMM838016,JOHN FITZGERAL KENNEDY - VADO,VIA L.CASAGLIA1,40036,F706,MONZUNO,NORMALE,SCUOLA PRIMO GRADO,370440378,-,SI,-,-,-,-,NO,NO,21,5
NORD EST,EMILIA ROMAGNA,BOLOGNA,BOIC839001,I.C. DI MARZABOTTO,BOMM839012,GIUSEPPE DOSSETTI,VIA MUSOLESI 9,40043,B689,MARZABOTTO,NORMALE,SCUOLA PRIMO GRADO,370360752,NO,NO,NO,NO,NO,NO,SI,SI,21,4
NORD EST,EMILIA ROMAGNA,BOLOGNA,BOIC840005,I.C. VERGATO E GRIZZANA-MORANDI,BOMM840016,VEGGETTI-VERGATO,VIA ALDO MORO 10,40038,L762,VERGATO,NORMALE,SCUOLA PRIMO GRADO,370590391,SI,SI,SI,SI,Non richiesto,Non richiesto,SI,SI,21,4
NORD EST,EMILIA ROMAGNA,BOLOGNA,BOIC840005,I.C. VERGATO E GRIZZANA-MORANDI,BOMM840027,DON MILANI,VIA PONTE 7/M,40030,E187,GRIZZANA MORANDI,NORMALE,SCUOLA PRIMO GRADO,370310033,SI,NO,SI,NO,NO,NO,SI,NO,21,4
NORD EST,EMILIA ROMAGNA,BOLOGNA,BOIC84200R,I.C. N.5 VIA PIRANDELLO - IMOLA,BOMM84201T,MEDIA SANTE ZENNARO,VIA PIRANDELLO 12,40026,E289,IMOLA,NORMALE,SCUOLA PRIMO GRADO,370320944,SI,NO,Non richiesto,NO,NO,NO,SI,SI,21,5
NORD EST,EMILIA ROMAGNA,BOLOGNA,BOIC84300L,I.C. N.2 VIA CAVOUR - IMOLA,BOMM84301N,MEDIA INNOCENZO DA IMOLA,VIA CAVOUR 28,40026,E289,IMOLA,NORMALE,SCUOLA PRIMO GRADO,370320048,NO,NO,NO,SI,Non richiesto,Non richiesto,SI,SI,21,4
NORD EST,EMILIA ROMAGNA,BOLOGNA,BOIC84400C,I.C. DOZZA IMOLESE - C.GUELFO,BOMM84401D,A. MORO-TOSCANELLA,PIAZZA DELLA LOGGIA 2,40060,D360,DOZZA,NORMALE,SCUOLA PRIMO GRADO,370250350,NO,SI,SI,NO,NO,NO,SI,SI,21,4
NORD EST,EMILIA ROMAGNA,BOLOGNA,BOIC84400C,I.C. DOZZA IMOLESE - C.GUELFO,BOMM84402E,PAPA GIOVANNI PAOLO II-CASTEL G,VIA BASOLI 29/C,40023,C121,CASTEL GUELFO DI BOLOGNA,NORMALE,SCUOLA PRIMO GRADO,370160228,NO,SI,SI,SI,NO,SI,NO,NO,21,4
NORD EST,EMILIA ROMAGNA,BOLOGNA,BOIC846004,I.C. N.4 VIA GUICCIARDINI-IMOLA,BOMM846015,MEDIA VALSALVA,VIA GUICCIARDINI 8,40026,E289,IMOLA,NORMALE,SCUOLA PRIMO GRADO,370320362,NO,SI,NO,NO,NO,NO,SI,SI,21,6
NORD EST,EMILIA ROMAGNA,BOLOGNA,BOIC84700X,I.C. N.6 VIA VILLA CLELIA-IMOLA,BOMM847044,ANDREA COSTA - 6 IMOLA,VIA PIO IX N. 1,40026,E289,IMOLA,NORMALE,SCUOLA PRIMO GRADO,370320361,SI,SI,NO,NO,NO,NO,SI,SI,21,6
NORD EST,EMILIA ROMAGNA,BOLOGNA,BOIC84800Q,I.C. DI MONTERENZIO,BOMM84801R,G.FALCONE-P.BORSELLINO MONTEREN,VIA OLGNANO 1,40050,F597,MONTERENZIO,NORMALE,SCUOLA PRIMO GRADO,370410369,NO,NO,Non richiesto,NO,NO,NO,SI,SI,21,4
NORD EST,EMILIA ROMAGNA,BOLOGNA,BOIC85100G,I.C. N.8 CA' SELVATICA,BOMM85101L,GUINIZELLI - 8 BOLOGNA,VIA CA' SELVATICA 11,40123,A944,BOLOGNA,NORMALE,SCUOLA PRIMO GRADO,370060003,NO,NO,SI,NO,Non richiesto,NO,SI,SI,21,7
NORD EST,EMILIA ROMAGNA,BOLOGNA,BOIC85200B,I.C. N.9 VIA LONGO,BOMM85201C,IL GUERCINO - 9 BOLOGNA,VIA LUIGI LONGO 4,40139,A944,BOLOGNA,NORMALE,SCUOLA PRIMO GRADO,370060320,NO,SI,SI,NO,Non richiesto,NO,SI,SI,21,6
NORD EST,EMILIA ROMAGNA,BOLOGNA,BOIC853007,I.C. N.10 VIA A. MORO,BOMM853018,F.BESTA - 10 BOLOGNA,VIA ALDO MORO 31,40127,A944,BOLOGNA,NORMALE,SCUOLA PRIMO GRADO,370060312,SI,SI,SI,NO,Non richiesto,NO,SI,SI,21,5
NORD EST,EMILIA ROMAGNA,BOLOGNA,BOIC854003,I.C. N.11 VIA BEROALDO,BOMM854014,SAFFI - 11 BOLOGNA,VIA PANZINI 1,40127,A944,BOLOGNA,NORMALE,SCUOLA PRIMO GRADO,370060329,NO,NO,Non richiesto,SI,Non richiesto,NO,SI,SI,21,4
NORD EST,EMILIA ROMAGNA,BOLOGNA,BOIC85500V,I.C. N. 12 VIA BARTOLINI,BOMM85501X,FARINI - I.C. 12 BOLOGNA,VIA POPULONIA 11,40139,A944,BOLOGNA,NORMALE,SCUOLA PRIMO GRADO,370060010,NO,NO,Non richiesto,NO,Non richiesto,NO,SI,SI,21,7
NORD EST,EMILIA ROMAGNA,BOLOGNA,BOIC85600P,I.C. N.7 VIA VIVALDI - IMOLA,BOMM85601Q,LUIGI ORSINI - 7 IMOLA,VIA VIVALDI 76,40026,E289,IMOLA,NORMALE,SCUOLA PRIMO GRADO,370320223,SI,SI,Non richiesto,SI,Non richiesto,NO,SI,SI,21,5
NORD EST,EMILIA ROMAGNA,BOLOGNA,BOIC85700E,I.C. N.13,BOMM85701G,LEONARDO DA VINCI - 13 BOLOGNA,VIA BUON PASTORE 4,40141,A944,BOLOGNA,NORMALE,SCUOLA PRIMO GRADO,370060322,SI,SI,SI,SI,Non richiesto,NO,SI,SI,21,7
NORD EST,EMILIA ROMAGNA,BOLOGNA,BOIC85800A,I.C. N.14 VIA BIANCOLELLI,BOMM85801B,ALESSANDRO VOLTA - 14 BOLOGNA,VIA BIANCOLELLI 38,40132,A944,BOLOGNA,NORMALE,SCUOLA PRIMO GRADO,370060144,NO,NO,SI,NO,Non richiesto,NO,SI,SI,21,5
NORD EST,EMILIA ROMAGNA,BOLOGNA,BOIC859006,I.C. DI SANT'AGATA BOLOGNESE,BOMM859017,G. MAZZINI-S.AGATA BOLOGNESE,VIA G.G.TROMBELLI 41,40019,I191,SANT'AGATA BOLOGNESE,NORMALE,SCUOLA PRIMO GRADO,370560376,Non richiesto,SI,SI,NO,NO,Non richiesto,SI,SI,21,5
NORD EST,EMILIA ROMAGNA,BOLOGNA,BOIC86000A,I.C. DI CREVALCORE,BOMM86001B,MARCO POLO-CREVALCORE,VIA GUISA 308,40014,D166,CREVALCORE,NORMALE,SCUOLA PRIMO GRADO,370240003,NO,SI,SI,SI,Non richiesto,SI,SI,SI,21,7
NORD EST,EMILIA ROMAGNA,BOLOGNA,BOIC862002,I.C. CRESPELLANO,BOMM862013,FAUSTINO MALAGUTI-CRESPELLANO,VIA IV NOVEMBRE 23 LOC CRESPELLANO,40053,M320,VALSAMOGGIA,NORMALE,SCUOLA PRIMO GRADO,370610024,NO,SI,NO,NO,Non richiesto,Non richiesto,NO,NO,21,5
NORD EST,EMILIA ROMAGNA,BOLOGNA,BOIC86300T,I.C. BAZZANO - MONTEVEGLIO,BOMM86301V,TOMMASO CASINI-BAZZANO,VIALE DEI MARTIRI 12,40053,M320,VALSAMOGGIA,NORMALE,SCUOLA PRIMO GRADO,370610002,NO,SI,SI,NO,NO,Non richiesto,SI,SI,21,5
NORD EST,EMILIA ROMAGNA,BOLOGNA,BOIC86400N,I.C. DI ZOLA PREDOSA,BOMM86401P,FRANCIA-ZOLA PREDOSA,VIA ALBERGATI 30,40069,M185,ZOLA PREDOSA,NORMALE,SCUOLA PRIMO GRADO,370600393,NO,SI,Non richiesto,NO,NO,Non richiesto,SI,SI,21,5
NORD EST,EMILIA ROMAGNA,BOLOGNA,BOIC86500D,I.C. DI CASTEL SAN PIETRO TERME,BOMM86501E,PIZZIGOTTI-CASTEL SAN PIETRO,VIA XVII APRILE 1,40024,C265,CASTEL SAN PIETRO TERME,NORMALE,SCUOLA PRIMO GRADO,370200352,SI,NO,NO,SI,SI,NO,SI,SI,21,6
NORD EST,EMILIA ROMAGNA,BOLOGNA,BOIC866009,I.C. DI CASTENASO,BOMM86601A,GOZZADINI-CASTENASO,VIA MARCONI 3/2,40055,C292,CASTENASO,NORMALE,SCUOLA PRIMO GRADO,370210353,SI,SI,SI,SI,SI,NO,SI,SI,21,7
NORD EST,EMILIA ROMAGNA,BOLOGNA,BOIC867005,I.C. DI MEDICINA,BOMM867016,G. SIMONI - MEDICINA,VIA GRAMSCI 2/A,40059,F083,MEDICINA,NORMALE,SCUOLA PRIMO GRADO,370370364,SI,SI,SI,SI,NO,NO,SI,SI,21,4
NORD EST,EMILIA ROMAGNA,BOLOGNA,BOIC868001,I.C. DI MOLINELLA,BOMM868012,SEVERINO FERRARI-MOLINELLA,VIA E.DE AMICIS 3,40062,F288,MOLINELLA,NORMALE,SCUOLA PRIMO GRADO,370390247,SI,NO,SI,NO,NO,NO,SI,SI,21,5
NORD EST,EMILIA ROMAGNA,BOLOGNA,BOIC86900R,I.C. DI BUDRIO,BOMM86901T,QUIRICO FILOPANTI-BUDRIO,VIA GIOVANNI XXIII 2,40054,B249,BUDRIO,NORMALE,SCUOLA PRIMO GRADO,370080343,NO,SI,SI,SI,Non richiesto,Non richiesto,SI,SI,21,4
NORD EST,EMILIA ROMAGNA,BOLOGNA,BOIC870001,IC 1 DECIMA- PERSICETO,BOMM870012,F.MEZZACASA-S.MATTEO DECIMA,VIA U. FOSCOLO 22,40017,G467,SAN GIOVANNI IN PERSICETO,NORMALE,SCUOLA PRIMO GRADO,370530377,SI,NO,SI,SI,NO,NO,SI,SI,21,6
NORD EST,EMILIA ROMAGNA,BOLOGNA,BOIC87100R,IC 2 SAN GIOVANNI IN PERSICETO,BOMM87101T,MAMELI-S.GIOVANNI IN PERSICETO,VIA MALPIGHI 2,40017,G467,SAN GIOVANNI IN PERSICETO,NORMALE,SCUOLA PRIMO GRADO,370530382,NO,SI,SI,SI,NO,NO,SI,SI,21,6
NORD EST,EMILIA ROMAGNA,BOLOGNA,BOIC87200L,IC N.15 VIA LOMBARDI,BOMM87201N,ZAPPA - 15 BOLOGNA,VIA SALICETO 74,40128,A944,BOLOGNA,NORMALE,SCUOLA PRIMO GRADO,370060326,NO,SI,SI,NO,NO,NO,SI,SI,21,6
NORD EST,EMILIA ROMAGNA,BOLOGNA,BOIC87300C,IC.N.16 VICOLO BOLOGNETTI,BOMM87301D,GUIDO RENI - 16 BOLOGNA,VICOLO BOLOGNETTI 10,40125,A944,BOLOGNA,NORMALE,SCUOLA PRIMO GRADO,370060327,NO,NO,NO,NO,Non richiesto,NO,SI,SI,21,6
NORD EST,EMILIA ROMAGNA,BOLOGNA,BOIC874008,I.C. CROCE,BOMM874019,GALILEO GALILEI - CROCE,VIA PORRETTANA 97,40033,B880,CASALECCHIO DI RENO,NORMALE,SCUOLA PRIMO GRADO,370110349,Non richiesto,SI,SI,SI,Non richiesto,Non richiesto,SI,SI,21,5
NORD EST,EMILIA ROMAGNA,BOLOGNA,BOIC875004,I.C. CENTRO,BOMM875015,GUGLIELMO MARCONI - CENTRO,VIA MAMELI 7,40033,B880,CASALECCHIO DI RENO,NORMALE,SCUOLA PRIMO GRADO,370110346,Non richiesto,SI,SI,SI,Non richiesto,Non richiesto,SI,SI,21,5
NORD EST,EMILIA ROMAGNA,BOLOGNA,BOIC87600X,I.C. N. 17 BOLOGNA,BOMM876011,GANDINO - 17 BOLOGNA,VIA GRAZIANO 8,40122,A944,BOLOGNA,NORMALE,SCUOLA PRIMO GRADO,370060317,NO,NO,Non richiesto,SI,Non richiesto,Non richiesto,SI,SI,21,5
NORD EST,EMILIA ROMAGNA,BOLOGNA,BOIC87700Q,I.C. N. 18 BOLOGNA,BOMM87701R,FABRIZIO DE ANDRE' - 18 BOLOGNA,VIA ASIAGO 33,40131,A944,BOLOGNA,NORMALE,SCUOLA PRIMO GRADO,370060114,NO,NO,SI,NO,Non richiesto,NO,SI,SI,21,7
NORD EST,EMILIA ROMAGNA,BOLOGNA,BOIC87800G,I.C. 19 BOLOGNA,BOMM87801L,LAVINIA FONTANA - 19 BOLOGNA,VIA D'AZEGLIO 82,40123,A944,BOLOGNA,NORMALE,SCUOLA PRIMO GRADO,370060315,NO,NO,SI,NO,Non richiesto,NO,SI,SI,21,6
NORD EST,EMILIA ROMAGNA,BOLOGNA,BOIC87900B,I.C. N. 20 BOLOGNA,BOMM87901C,ROLANDINO - 20 BOLOGNA,VIA G.PASCOLI 5,40124,A944,BOLOGNA,NORMALE,SCUOLA PRIMO GRADO,370060328,NO,NO,SI,SI,Non richiesto,NO,SI,SI,21,7
NORD EST,EMILIA ROMAGNA,BOLOGNA,BOIC88000G,ISTITUTO COMPRENSIVO N. 21,BOMM88001L,CARLO PEPOLI,LARGO LERCARO 14,40137,A944,BOLOGNA,NORMALE,SCUOLA PRIMO GRADO,370060009,NO,NO,SI,NO,Non richiesto,NO,SI,SI,21,5
NORD EST,EMILIA ROMAGNA,BOLOGNA,BOIC88100B,IC N. 1 SAN LAZZARO DI SAVENA,BOMM88101C,GIANNI RODARI - IC N.1,VIA RIMEMBRANZE 28,40068,H945,SAN LAZZARO DI SAVENA,NORMALE,SCUOLA PRIMO GRADO,370540650,NO,SI,SI,SI,Non richiesto,NO,SI,SI,21,6
NORD EST,EMILIA ROMAGNA,BOLOGNA,BOIC882007,IC N. 2 SAN LAZZARO DI SAVENA,BOMM882018,CARLO JUSSI - IC N.2,VIA KENNEDY 57,40068,H945,SAN LAZZARO DI SAVENA,NORMALE,SCUOLA PRIMO GRADO,370540383,NO,SI,SI,NO,NO,Non richiesto,SI,SI,21,7
NORD EST,EMILIA ROMAGNA,BOLOGNA,BOIC883003,I.C. N. 22 BOLOGNA,BOMM883014,SCUOLA MEDIA - 22 BOLOGNA,VIA MILANO 13,40139,A944,BOLOGNA,NORMALE,SCUOLA PRIMO GRADO,370060169,NO,NO,SI,NO,Non richiesto,NO,SI,SI,21,4
NORD EST,EMILIA ROMAGNA,BOLOGNA,BOIC88400V,IC DI LOIANO - MONGHIDORO,BOMM88401X,MARIA DALLE DONNE-MONGHIDORO,VIA MICHELE DEI RAMAZZOTTI 24,40063,F363,MONGHIDORO,NORMALE,SCUOLA PRIMO GRADO,370400367,SI,SI,SI,SI,NO,SI,NO,NO,21,4
NORD EST,EMILIA ROMAGNA,BOLOGNA,BOIC88400V,IC DI LOIANO - MONGHIDORO,BOMM884021,PADRE PAOLINO BALDASSARRI-LOIAN,VIA MARCONI 40,40050,E655,LOIANO,NORMALE,SCUOLA PRIMO GRADO,370340926,NO,SI,SI,NO,NO,SI,NO,NO,21,4
NORD EST,EMILIA ROMAGNA,BOLOGNA,BOPC02000A,LICEO LUIGI GALVANI,BOPC02000A,LICEO LUIGI GALVANI,VIA CASTIGLIONE 38,40124,A944,BOLOGNA,NORMALE,LICEO CLASSICO,370060394,Non richiesto,NO,SI,SI,Non richiesto,SI,SI,SI,21,6
NORD EST,EMILIA ROMAGNA,BOLOGNA,BOPC030001,LICEO MARCO MINGHETTI,BOPC030001,LICEO MARCO MINGHETTI,VIA NAZARIO SAURO 18,40121,A944,BOLOGNA,NORMALE,LICEO CLASSICO,370060395,Non richiesto,NO,SI,NO,Non richiesto,SI,SI,SI,21,5
NORD EST,EMILIA ROMAGNA,BOLOGNA,BOIS00100P,I.I.S. MARIA MONTESSORI - L. DA VINCI,BOPM001016,MARIA MONTESSORI,VIA DELLA REPUBBLICA 3,40046,M369,ALTO RENO TERME,NORMALE,ISTITUTO MAGISTRALE,370620846,SI,SI,SI,NO,Non richiesto,SI,SI,SI,21,5
NORD EST,EMILIA ROMAGNA,BOLOGNA,BOIS026003,ITI ETTORE MAJORANA,BOPM02601E,LINGUISTICO ETTORE MAJORANA,VIA CASELLE 26,40068,H945,SAN LAZZARO DI SAVENA,NORMALE,ISTITUTO MAGISTRALE,370540879,Non richiesto,SI,SI,NO,Non richiesto,Non richiesto,SI,SI,21,6
NORD EST,EMILIA ROMAGNA,BOLOGNA,BOPM030005,LICEO LAURA BASSI,BOPM030005,LICEO LAURA BASSI,VIA SANT'ISAIA 35,40123,A944,BOLOGNA,NORMALE,ISTITUTO MAGISTRALE,370060396,Non richiesto,NO,SI,SI,Non richiesto,Non richiesto,SI,SI,21,5
NORD EST,EMILIA ROMAGNA,BOLOGNA,BOIS00300A,I.I.S. GIORDANO BRUNO,BOPS00301R,GIORDANO BRUNO,VIALE I MAGGIO N. 5,40054,B249,BUDRIO,NORMALE,LICEO SCIENTIFICO,370080814,Non richiesto,NO,SI,NO,Non richiesto,Non richiesto,SI,SI,21,5
NORD EST,EMILIA ROMAGNA,BOLOGNA,BOIS00300A,I.I.S. GIORDANO BRUNO,BOPS00302T,"LICEO SCIENTIFICO ""BRUNO""",VIA CADUTI DI CEFALONIA SN,40059,F083,MEDICINA,NORMALE,LICEO SCIENTIFICO,370370424,Non richiesto,SI,SI,SI,Non richiesto,SI,SI,SI,21,5
NORD EST,EMILIA ROMAGNA,BOLOGNA,BOIS00700N,I.I.S. ARCHIMEDE,BOPS007014,ARCHIMEDE - SEZ.SCIENTIFICA SEZ.LING.AN.,VIA CENTO38/A,40017,G467,SAN GIOVANNI IN PERSICETO,NORMALE,LICEO SCIENTIFICO,370530452,Non richiesto,SI,SI,SI,Non richiesto,Non richiesto,SI,SI,21,5
NORD EST,EMILIA ROMAGNA,BOLOGNA,BOIS00800D,I.I.S. J.M. KEYNES,BOPS00801X,ISTITUTO CASTEL MAGGIORE-LIC.SCIENTIFICO,VIA BONDANELLO 30,40013,C204,CASTEL MAGGIORE,NORMALE,LICEO SCIENTIFICO,370190407,Non richiesto,SI,SI,SI,Non richiesto,Non richiesto,SI,SI,21,4
NORD EST,EMILIA ROMAGNA,BOLOGNA,BOIS009009,I.I.S. CADUTI DELLA DIRETTISSIMA,BOPS00901Q,CADUTI DELLA DIRETTISSIMA - SCIENTIFICO,VIA TOSCANA 21,40035,C296,CASTIGLIONE DEI PEPOLI,NORMALE,LICEO SCIENTIFICO,370220441,Non richiesto,NO,SI,SI,Non richiesto,SI,SI,SI,21,6
NORD EST,EMILIA ROMAGNA,BOLOGNA,BOPS01000V,LICEO AUGUSTO RIGHI,BOPS01000V,LICEO AUGUSTO RIGHI,VIALE CARLO PEPOLI 3,40123,A944,BOLOGNA,NORMALE,LICEO SCIENTIFICO,370060399,Non richiesto,NO,SI,NO,Non richiesto,SI,SI,SI,21,6
NORD EST,EMILIA ROMAGNA,BOLOGNA,BOIS017008,I.I.S. ENRICO MATTEI,BOPS01701P,"L.SC.SEZ.ASS.""MATTEI""",VIA DELLE RIMEMBRANZE N. 26,40068,H945,SAN LAZZARO DI SAVENA,NORMALE,LICEO SCIENTIFICO,370540460,Non richiesto,SI,SI,SI,Non richiesto,Non richiesto,NO,NO,21,5
NORD EST,EMILIA ROMAGNA,BOLOGNA,BOPS02000D,LICEO ENRICO FERMI,BOPS02000D,LICEO ENRICO FERMI,VIA MAZZINI 172/2,40139,A944,BOLOGNA,NORMALE,LICEO SCIENTIFICO,370060400,Non richiesto,NO,SI,NO,Non richiesto,SI,SI,SI,21,5
NORD EST,EMILIA ROMAGNA,BOLOGNA,BOPS02000D,LICEO ENRICO FERMI,BOPS02001E,"LICEO SCIENT.""FERMI"" S.LAZZARO DI SAVENA",VIA NAZIONALE TOSCANA N. 1,40068,H945,SAN LAZZARO DI SAVENA,NORMALE,LICEO SCIENTIFICO,370540880,SI,NO,SI,SI,Non richiesto,Non richiesto,SI,SI,21,5
NORD EST,EMILIA ROMAGNA,BOLOGNA,BOPS030004,LICEO NICCOLO' COPERNICO,BOPS030004,LICEO NICCOLO' COPERNICO,VIA GARAVAGLIA 11,40127,A944,BOLOGNA,NORMALE,LICEO SCIENTIFICO,370060404,SI,SI,SI,NO,Non richiesto,SI,SI,SI,21,4
NORD EST,EMILIA ROMAGNA,BOLOGNA,BOPS04000P,LICEO A. B. SABIN,BOPS04000P,LICEO A. B. SABIN,VIA MATTEOTTI 7,40129,A944,BOLOGNA,NORMALE,LICEO SCIENTIFICO,370060408,Non richiesto,SI,SI,SI,Non richiesto,Non richiesto,SI,SI,21,3
NORD EST,EMILIA ROMAGNA,BOLOGNA,BOPS080005,LICEO LEONARDO DA VINCI,BOPS080005,LICEO LEONARDO DA VINCI,VIA CAVOUR 6,40033,B880,CASALECCHIO DI RENO,NORMALE,LICEO SCIENTIFICO,370060462,Non richiesto,SI,SI,NO,Non richiesto,SI,SI,SI,21,6
NORD EST,EMILIA ROMAGNA,BOLOGNA,BOPS17000B,LICEO RAMBALDI - VALERIANI - A. DA IMOLA,BOPS17000B,LICEO RAMBALDI - VALERIANI - A. DA IMOLA,VIA GUICCIARDINI 4,40026,E289,IMOLA,NORMALE,LICEO SCIENTIFICO,370320410,Non richiesto,NO,SI,SI,Non richiesto,Non richiesto,NO,NO,21,6
NORD EST,EMILIA ROMAGNA,BOLOGNA,BOIS00600T,I.I.S ARRIGO SERPIERI,BORA00601T,LUIGI NOE' - COORDINATA SERPIERI,VIA ROMA 3/1,40050,E655,LOIANO,NORMALE,IST PROF PER L'AGRICOLTURA E L'AMBIENTE,370340418,Non richiesto,NO,SI,Non richiesto,Non richiesto,Non richiesto,SI,SI,21,4
NORD EST,EMILIA ROMAGNA,BOLOGNA,BOIS00600T,I.I.S ARRIGO SERPIERI,BORA00602V,BENITO FERRARINI COORDINATA SERPIERI,VIA PONTE ALBANO43,40037,G972,SASSO MARCONI,NORMALE,IST PROF PER L'AGRICOLTURA E L'AMBIENTE,370570419,SI,SI,SI,Non richiesto,Non richiesto,SI,SI,SI,21,4
NORD EST,EMILIA ROMAGNA,BOLOGNA,BOIS00600T,I.I.S ARRIGO SERPIERI,BORA006506,B. FERRARINI COORD. SERPIERI - SERALE,VIA PONTE ALBANO 43,40037,G972,SASSO MARCONI,PERCORSO II LIVELLO,IST PROF PER L'AGRICOLTURA E L'AMBIENTE,370570419,SI,SI,SI,Non richiesto,Non richiesto,SI,SI,SI,21,4
NORD EST,EMILIA ROMAGNA,BOLOGNA,BOIS00300A,I.I.S. GIORDANO BRUNO,BORC003019,M.M. CANEDI - COORDINATA G. BRUNO,VIA CADUTI DI CEFALONIA SN,40059,F083,MEDICINA,NORMALE,IST PROF PER I SERVIZI COMMERCIALI E TURISTICI,370370424,Non richiesto,SI,SI,SI,Non richiesto,SI,SI,SI,21,5
NORD EST,EMILIA ROMAGNA,BOLOGNA,BOIS00300A,I.I.S. GIORDANO BRUNO,BORC00302A,G. BRUNO - SEDE COORDINATA,VIA MAZZINI 371,40062,F288,MOLINELLA,NORMALE,IST PROF PER I SERVIZI COMMERCIALI,370390448,SI,SI,SI,NO,Non richiesto,Non richiesto,SI,SI,21,5
NORD EST,EMILIA ROMAGNA,BOLOGNA,BOIS012005,I.I.S. PAOLINI - CASSIANO DA IMOLA,BORC012014,CASSIANO DA IMOLA,VIALE DANTE N.1/A,40026,E289,IMOLA,NORMALE,IST PROF PER I SERVIZI COMMERCIALI E TURISTICI,370320425,Non richiesto,SI,SI,NO,Non richiesto,Non richiesto,SI,SI,21,4
NORD EST,EMILIA ROMAGNA,BOLOGNA,BOIS012005,I.I.S. PAOLINI - CASSIANO DA IMOLA,BORC01252E,IPC CASSIANO DA IMOLA - SERALE,VIALE DANTE1/A,40026,E289,IMOLA,PERCORSO II LIVELLO,IST PROF PER I SERVIZI COMMERCIALI,370320418,Non richiesto,SI,SI,NO,Non richiesto,Non richiesto,SI,SI,21,4
NORD EST,EMILIA ROMAGNA,BOLOGNA,BOIS01600C,I.I.S MANFREDI - TANARI,BORC01601B,MANFREDI,VIALE FELSINA 40,40139,A944,BOLOGNA,NORMALE,IST PROF PER I SERVIZI COMMERCIALI E TURISTICI,370060944,Non richiesto,SI,SI,NO,Non richiesto,Non richiesto,SI,SI,21,6
NORD EST,EMILIA ROMAGNA,BOLOGNA,BOIS01600C,I.I.S MANFREDI - TANARI,BORC01651R,MANFREDI - TANARI SERALE,VIALE FELSINA 40,40139,A944,BOLOGNA,PERCORSO II LIVELLO,IST PROF PER I SERVIZI COMMERCIALI E TURISTICI,370060944,Non richiesto,SI,SI,NO,Non richiesto,Non richiesto,SI,SI,21,6
NORD EST,EMILIA ROMAGNA,BOLOGNA,BOIS02100X,I.I.S. LUIGI FANTINI,BORC02101V,"IP ""LUIGI FANTINI""",VIA BOLOGNA 240,40038,L762,VERGATO,NORMALE,IST PROF PER I SERVIZI PUBBLICITARI,370591001,SI,SI,SI,SI,Non richiesto,SI,SI,SI,21,4
NORD EST,EMILIA ROMAGNA,BOLOGNA,BORC03000L,IPSAS ALDROVANDI - RUBBIANI,BORC03000L,IPSAS ALDROVANDI - RUBBIANI,VIA MARCONI 40,40122,A944,BOLOGNA,NORMALE,IST PROF PER I SERVIZI COMMERCIALI E TURISTICI,370060428,Non richiesto,SI,SI,NO,Non richiesto,Non richiesto,SI,SI,21,6
NORD EST,EMILIA ROMAGNA,BOLOGNA,BOIS00100P,I.I.S. MARIA MONTESSORI - L. DA VINCI,BORF00101B,MARIA MONTESSORI - PROFESSIONALE,VIA DELLA REPUBBLICA 1,40046,M369,ALTO RENO TERME,NORMALE,IST PROF PER I SERVIZI SOCIALI,370620397,Non richiesto,SI,SI,NO,Non richiesto,Non richiesto,SI,SI,21,5
NORD EST,EMILIA ROMAGNA,BOLOGNA,BOIS02200Q,I.I.S. BARTOLOMEO SCAPPI,BORH022043,IPSSA BARTOLOMEO SCAPPI,VIALE TERME N. 1054,40024,C265,CASTEL SAN PIETRO TERME,NORMALE,IST PROF PER I SERVIZI ALBERGHIERI E RISTORAZIONE,370200436,SI,SI,SI,NO,Non richiesto,Non richiesto,SI,SI,21,4
NORD EST,EMILIA ROMAGNA,BOLOGNA,BOIS02200Q,I.I.S. BARTOLOMEO SCAPPI,BORH022508,IPSAR BARTOLOMEO SCAPPI - SERALE,VIALE TERME 1054,40024,C265,CASTEL SAN PIETRO TERME,PERCORSO II LIVELLO,IST PROF PER I SERVIZI ALBERGHIERI E RISTORAZIONE,370200436,SI,SI,SI,NO,Non richiesto,Non richiesto,SI,SI,21,4
NORD EST,EMILIA ROMAGNA,BOLOGNA,BOIS00300A,I.I.S. GIORDANO BRUNO,BORI003012,G.BRUNO - SCUOLA COORDINATA,PIAZZA MASSARENTI 1,40062,F288,MOLINELLA,NORMALE,IST PROF INDUSTRIA E ARTIGIANATO,370390450,SI,Non richiesto,NO,NO,NO,NO,NO,NO,21,5
NORD EST,EMILIA ROMAGNA,BOLOGNA,BOIS009009,I.I.S. CADUTI DELLA DIRETTISSIMA,BORI009011,CADUTI DELLA DIRETTISSIMA -PROFESSIONALE,VIA TOSCANA 21,40035,C296,CASTIGLIONE DEI PEPOLI,NORMALE,IST PROF INDUSTRIA E ARTIGIANATO,370220441,Non richiesto,NO,SI,SI,Non richiesto,SI,SI,SI,21,6
NORD EST,EMILIA ROMAGNA,BOLOGNA,BOIS009009,I.I.S. CADUTI DELLA DIRETTISSIMA,BORI009509,IPIA CADUTI DIRETTISSIMA - SEZ. SERALE,VIA TOSCANA 21,Non Disponibile,C296,CASTIGLIONE DEI PEPOLI,PERCORSO II LIVELLO,IST PROF INDUSTRIA E ARTIGIANATO,370220441,Non richiesto,NO,SI,SI,Non richiesto,SI,SI,SI,21,6
NORD EST,EMILIA ROMAGNA,BOLOGNA,BOIS01400R,I.I.S. F. ALBERGHETTI,BORI01402D,IPIA F.ALBERGHETTI - SEZIONE ASSOCIATA,VIALE DANTE 1,40026,E289,IMOLA,NORMALE,IST PROF INDUSTRIA E ARTIGIANATO,370321010,-,-,-,-,-,-,-,-,21,5
NORD EST,EMILIA ROMAGNA,BOLOGNA,BOIS01900X,I.I.S. ALDINI VALERIANI,BORI01901G,I.P.I.A. ALDINI VALERIANI,VIA BASSANELLI 9/11,40129,A944,BOLOGNA,NORMALE,IST PROF INDUSTRIA E ARTIGIANATO,370061000,NO,NO,SI,NO,Non richiesto,NO,SI,SI,21,3
NORD EST,EMILIA ROMAGNA,BOLOGNA,BOIS02300G,IIS BELLUZZI-FIORAVANTI,BORI023017,ISTITUTO PROF.LE FIORAVANTI,VIA G. D. CASSINI 3,40133,A944,BOLOGNA,NORMALE,IST PROF INDUSTRIA E ARTIGIANATO,370060438,Non richiesto,SI,Non richiesto,SI,Non richiesto,Non richiesto,SI,SI,21,3
NORD EST,EMILIA ROMAGNA,BOLOGNA,BOIS02300G,IIS BELLUZZI-FIORAVANTI,BORI02351L,FIORAVANTI - SERALE,VIA G. D. CASSINI 3,40133,A944,BOLOGNA,PERCORSO II LIVELLO,IST PROF INDUSTRIA E ARTIGIANATO,370060438,Non richiesto,SI,Non richiesto,SI,Non richiesto,Non richiesto,SI,SI,21,3
NORD EST,EMILIA ROMAGNA,BOLOGNA,BOIS02400B,IIS MALPIGHI,BORI024013,"IST.PROF.LE ""MALPIGHI"" - ODONTOTECNICO",VIA MARCO POLO N. 20/2,40131,A944,BOLOGNA,NORMALE,IST PROF INDUSTRIA E ARTIGIANATO,370060432,Non richiesto,NO,SI,SI,Non richiesto,Non richiesto,SI,SI,21,5
NORD EST,EMILIA ROMAGNA,BOLOGNA,BOIS02400B,IIS MALPIGHI,BORI024024,IP MARCELLO MALPIGHI,VIA PERSICETANA 45,40014,D166,CREVALCORE,NORMALE,IST PROF INDUSTRIA E ARTIGIANATO,370240439,SI,SI,Non richiesto,SI,Non richiesto,SI,SI,SI,21,5
NORD EST,EMILIA ROMAGNA,BOLOGNA,BOIS02400B,IIS MALPIGHI,BORI024035,M. MALPIGHI - SCUOLA COORDINATA,VIA PIO IX 5,40017,G467,SAN GIOVANNI IN PERSICETO,NORMALE,IST PROF INDUSTRIA E ARTIGIANATO,370530453,Non richiesto,NO,SI,NO,Non richiesto,SI,SI,SI,21,5
NORD EST,EMILIA ROMAGNA,BOLOGNA,BOIS02400B,IIS MALPIGHI,BORI02451C,"I.P.I.A. ""MARCELLO"" - SERALE",VIA PIO IX 5,40017,G467,SAN GIOVANNI IN PERSICETO,PERCORSO II LIVELLO,IST PROF INDUSTRIA E ARTIGIANATO,370530453,Non richiesto,NO,SI,NO,Non richiesto,SI,SI,SI,21,5
NORD EST,EMILIA ROMAGNA,BOLOGNA,BOSL02000A,LICEO F. ARCANGELI,BOSL02000A,LICEO F. ARCANGELI,VIA MARCHETTI 22,40137,A944,BOLOGNA,NORMALE,LICEO ARTISTICO,370060450,Non richiesto,SI,SI,NO,Non richiesto,SI,SI,SI,21,6
NORD EST,EMILIA ROMAGNA,BOLOGNA,BOIS00600T,I.I.S ARRIGO SERPIERI,BOTA00601N,ARRIGO SERPIERI,VIA V. PEGLION 25,40128,A944,BOLOGNA,NORMALE,ISTITUTO TECNICO AGRARIO,370060426,Non richiesto,NO,SI,SI,Non richiesto,Non richiesto,SI,SI,21,4
NORD EST,EMILIA ROMAGNA,BOLOGNA,BOTA03000D,TECNICO AGR. E CHIM G.SCARABELLI-L.GHINI,BOTA03000D,TECNICO AGR. E CHIM G.SCARABELLI-L.GHINI,VIA ASCARI 15,40026,E289,IMOLA,NORMALE,ISTITUTO TECNICO AGRARIO,370320444,Non richiesto,SI,SI,NO,Non richiesto,Non richiesto,SI,SI,21,6
NORD EST,EMILIA ROMAGNA,BOLOGNA,BOIS00300A,I.I.S. GIORDANO BRUNO,BOTD00301L,EFREM NOBILI - COORDINATA G. BRUNO,VIA STRADELLO DEI CARABINIERI 2,40062,F288,MOLINELLA,NORMALE,ISTITUTO TECNICO COMMERCIALE,370390448,SI,SI,SI,NO,Non richiesto,Non richiesto,SI,SI,21,5
NORD EST,EMILIA ROMAGNA,BOLOGNA,BOIS00700N,I.I.S. ARCHIMEDE,BOTD00701X,ARCHIMEDE - ITCG E ITI,VIA CENTO 38/A,40017,G467,SAN GIOVANNI IN PERSICETO,NORMALE,IST TEC COMMERCIALE E PER GEOMETRI,370530452,Non richiesto,SI,SI,SI,Non richiesto,Non richiesto,SI,SI,21,5
NORD EST,EMILIA ROMAGNA,BOLOGNA,BOIS00800D,I.I.S. J.M. KEYNES,BOTD00801Q,ISTITUTO DI CASTEL MAGGIORE - ITCG,VIA BONDANELLO 30,40013,C204,CASTEL MAGGIORE,NORMALE,ISTITUTO TECNICO COMMERCIALE,370190407,Non richiesto,SI,SI,SI,Non richiesto,Non richiesto,SI,SI,21,4
NORD EST,EMILIA ROMAGNA,BOLOGNA,BOIS00800D,I.I.S. J.M. KEYNES,BOTD008526,"I.T.G. ""KEYNES"" CASTEL MAGGIORE - SERALE",VIA BONDANELLO 30,40013,C204,CASTEL MAGGIORE,PERCORSO II LIVELLO,IST TEC COMMERCIALE E PER GEOMETRI,370190407,Non richiesto,SI,SI,SI,Non richiesto,Non richiesto,SI,SI,21,4
NORD EST,EMILIA ROMAGNA,BOLOGNA,BOIS009009,I.I.S. CADUTI DELLA DIRETTISSIMA,BOTD00901G,CADUTI DELLA DIRETTISSIMA - TECNICO,VIA TOSCANA 21,40035,C296,CASTIGLIONE DEI PEPOLI,NORMALE,ISTITUTO TECNICO COMMERCIALE,370220441,Non richiesto,NO,SI,SI,Non richiesto,SI,SI,SI,21,6
NORD EST,EMILIA ROMAGNA,BOLOGNA,BOIS012005,I.I.S. PAOLINI - CASSIANO DA IMOLA,BOTD01201B,L. PAOLINI,VIA GUICCIARDINI 2,40026,E289,IMOLA,NORMALE,IST TEC COMMERCIALE E PER GEOMETRI,370320362,NO,SI,NO,NO,NO,NO,SI,SI,21,4
NORD EST,EMILIA ROMAGNA,BOLOGNA,BOIS01600C,I.I.S MANFREDI - TANARI,BOTD01601P,LUIGI TANARI,VIALE FELSINA 40,40139,A944,BOLOGNA,NORMALE,ISTITUTO TECNICO COMMERCIALE,370060944,Non richiesto,SI,SI,NO,Non richiesto,Non richiesto,SI,SI,21,6
NORD EST,EMILIA ROMAGNA,BOLOGNA,BOIS01600C,I.I.S MANFREDI - TANARI,BOTD016503,"I.T.C. ""TANARI"" BOLOGNA CORSO SERALE",VIALE FELSINA 40,40139,A944,BOLOGNA,PERCORSO II LIVELLO,ISTITUTO TECNICO COMMERCIALE,370060944,Non richiesto,SI,SI,NO,Non richiesto,Non richiesto,SI,SI,21,6
NORD EST,EMILIA ROMAGNA,BOLOGNA,BOIS017008,I.I.S. ENRICO MATTEI,BOTD01701E,ENRICO MATTEI,VIA DELLE RIMEMBRANZE 26,40068,H945,SAN LAZZARO DI SAVENA,NORMALE,ISTITUTO TECNICO COMMERCIALE,370540460,Non richiesto,SI,SI,SI,Non richiesto,Non richiesto,NO,NO,21,5
NORD EST,EMILIA ROMAGNA,BOLOGNA,BOIS02100X,I.I.S. LUIGI FANTINI,BOTD021016,LUIGI FANTINI,VIA BOLOGNA 240,40038,L762,VERGATO,NORMALE,IST TEC COMMERCIALE E PER GEOMETRI,370591000,SI,SI,SI,SI,Non richiesto,SI,SI,SI,21,4
NORD EST,EMILIA ROMAGNA,BOLOGNA,BOIS02100X,I.I.S. LUIGI FANTINI,BOTD02150E,ITC LUIGI FANTINI - SERALE,VIA BOLOGNA 240,40038,L762,VERGATO,PERCORSO II LIVELLO,ISTITUTO TECNICO COMMERCIALE,370591000,SI,SI,SI,SI,Non richiesto,SI,SI,SI,21,4
NORD EST,EMILIA ROMAGNA,BOLOGNA,BOTD06000Q,ITC ROSA LUXEMBURG,BOTD06000Q,ITC ROSA LUXEMBURG,VIA DALLA VOLTA 4,40131,A944,BOLOGNA,NORMALE,ISTITUTO TECNICO COMMERCIALE,370060455,Non richiesto,SI,SI,NO,Non richiesto,Non richiesto,SI,SI,21,3
NORD EST,EMILIA ROMAGNA,BOLOGNA,BOTD080001,ITC GAETANO SALVEMINI,BOTD080001,ITC GAETANO SALVEMINI,VIA ALESSANDRO PERTINI 8,40033,B880,CASALECCHIO DI RENO,NORMALE,ISTITUTO TECNICO COMMERCIALE,370110846,NO,SI,SI,SI,Non richiesto,Non richiesto,SI,SI,21,5
NORD EST,EMILIA ROMAGNA,BOLOGNA,BOTD080001,ITC GAETANO SALVEMINI,BOTD08050A,"I.T.C. ""G. SALVEMINI"" SEZIONE SERALE",VIA A. PERTINI N. 8,40033,B880,CASALECCHIO DI RENO,PERCORSO II LIVELLO,ISTITUTO TECNICO COMMERCIALE,370110846,NO,SI,SI,SI,Non richiesto,Non richiesto,SI,SI,21,5
NORD EST,EMILIA ROMAGNA,BOLOGNA,BOIS00100P,I.I.S. MARIA MONTESSORI - L. DA VINCI,BOTF001017,LEONARDO DA VINCI,VIA DALDI E MATTEUCCI 1,40046,M369,ALTO RENO TERME,NORMALE,ISTITUTO TECNICO INDUSTRIALE,370620845,SI,SI,SI,NO,Non richiesto,SI,SI,SI,21,5
NORD EST,EMILIA ROMAGNA,BOLOGNA,BOIS00300A,I.I.S. GIORDANO BRUNO,BOTF00301V,G. BRUNO - SEZIONE ASSOCIATA,VIALE I MAGGIO 3,40054,B249,BUDRIO,NORMALE,ISTITUTO TECNICO INDUSTRIALE,370080414,Non richiesto,SI,SI,SI,Non richiesto,Non richiesto,SI,SI,21,5
NORD EST,EMILIA ROMAGNA,BOLOGNA,BOIS01400R,I.I.S. F. ALBERGHETTI,BOTF014019,ITI F. ALBERGHETTI - LICEO SCIENZE APPL.,VIA SAN BENEDETTO 10,40026,E289,IMOLA,NORMALE,ISTITUTO TECNICO INDUSTRIALE,370320924,SI,SI,Non richiesto,SI,Non richiesto,Non richiesto,SI,SI,21,5
NORD EST,EMILIA ROMAGNA,BOLOGNA,BOIS01400R,I.I.S. F. ALBERGHETTI,BOTF01450N,ITI ALBERGHETTI SERALE,VIA PIO IX 3,40026,E289,IMOLA,PERCORSO II LIVELLO,ISTITUTO TECNICO INDUSTRIALE,370320924,SI,SI,Non richiesto,SI,Non richiesto,Non richiesto,SI,SI,21,5
NORD EST,EMILIA ROMAGNA,BOLOGNA,BOIS01900X,I.I.S. ALDINI VALERIANI,BOTF01901C,I.T. INDUSTRIALE ALDINI VALERIANI,VIA BASSANELLI 9/11,40129,A944,BOLOGNA,NORMALE,ISTITUTO TECNICO INDUSTRIALE,370061000,NO,NO,SI,NO,Non richiesto,NO,SI,SI,21,3
NORD EST,EMILIA ROMAGNA,BOLOGNA,BOIS01900X,I.I.S. ALDINI VALERIANI,BOTF01951T,I.T. INDUSTRIALE ALDINI VALERIANI SERALE,VIA BASSANELLI 9/11,40129,A944,BOLOGNA,PERCORSO II LIVELLO,ISTITUTO TECNICO INDUSTRIALE,370061000,NO,NO,SI,NO,Non richiesto,NO,SI,SI,21,3
NORD EST,EMILIA ROMAGNA,BOLOGNA,BOIS02300G,IIS BELLUZZI-FIORAVANTI,BOTF023014,ITI ODONE BELLUZZI,VIA G.D. CASSINI 3,40133,A944,BOLOGNA,NORMALE,ISTITUTO TECNICO INDUSTRIALE,370060462,Non richiesto,SI,SI,NO,Non richiesto,SI,SI,SI,21,3
NORD EST,EMILIA ROMAGNA,BOLOGNA,BOIS02400B,IIS MALPIGHI,BOTF02401X,I.T. MARCELLO MALPIGHI,VIA PERSICETANA 45,40014,D166,CREVALCORE,NORMALE,ISTITUTO TECNICO INDUSTRIALE,370240439,SI,SI,Non richiesto,SI,Non richiesto,SI,SI,SI,21,5
NORD EST,EMILIA ROMAGNA,BOLOGNA,BOIS02400B,IIS MALPIGHI,BOTF024508,IT MALPIGHI - SERALE,ROTONDA SEGNATELLO 4,40050,D166,CREVALCORE,PERCORSO II LIVELLO,ISTITUTO TECNICO INDUSTRIALE,370240440,SI,SI,SI,NO,Non richiesto,SI,SI,SI,21,5
NORD EST,EMILIA ROMAGNA,BOLOGNA,BOIS026003,ITI ETTORE MAJORANA,BOTF02601G,ITI ETTORE MAJORANA,VIA CASELLE 26,40068,H945,SAN LAZZARO DI SAVENA,NORMALE,ISTITUTO TECNICO INDUSTRIALE,370540879,Non richiesto,SI,SI,NO,Non richiesto,Non richiesto,SI,SI,21,6
NORD EST,EMILIA ROMAGNA,BOLOGNA,BOIS026003,ITI ETTORE MAJORANA,BOTF02602L,ITI MAJORANA SEDE COORDINATA,VIA MICHELE DEI RAMAZZOTTI 22,40063,F363,MONGHIDORO,NORMALE,ISTITUTO TECNICO INDUSTRIALE,370400626,Non richiesto,SI,SI,NO,Non richiesto,Non richiesto,SI,SI,21,6
NORD EST,EMILIA ROMAGNA,BOLOGNA,BOIS02200Q,I.I.S. BARTOLOMEO SCAPPI,BOTN02201X,ISTITUTO TECNICO TURISTICO,VIALE TERME 1054,40024,C265,CASTEL SAN PIETRO TERME,NORMALE,ISTITUTO TECNICO PER IL TURISMO,370200436,SI,SI,SI,NO,Non richiesto,Non richiesto,SI,SI,21,4